candidate_id,rank,score,reasoning
CAND_0018499,1,0.924823,"Fit summary: Senior Machine Learning Engineer at Zomato is a strong JD match with 7.2 years in the JD's 5-9 year seniority band; component evidence is technical 100%, career 100%, depth 100%, title 100%, seniority 100%, hybrid precompute 98%; JD evidence is current Senior Machine Learning Engineer at Zomato for 26 months shows a/b, bm25, embedding, embeddings, Staff Machine Learning Engineer at Google for 18 months shows a/b, bm25, embedding, embeddings with coverage of 14 retrieval/ranking signals, 5 evaluation signals, 5 production signals, semantic score 100%, JD coverage score 99%; skill proof is Embeddings (expert, 65 months, 48 endorsements), Information Retrieval (advanced, 27 months, 49 endorsements), Weaviate (expert, 88 months, 6 endorsements), Recommendation Systems (expert, 46 months, 52 endorsements); hireability and trust are Noida, Uttar Pradesh, India; notice 15 days; response rate 0.61; average response time 60h, profile completeness 98%, verified email, verified phone, LinkedIn connected, open to work; risk check is no major penalty signal surfaced."
CAND_0081846,2,0.918789,"Fit summary: Lead AI Engineer at Razorpay is a strong JD match with 6.7 years in the JD's 5-9 year seniority band; component evidence is technical 100%, career 100%, depth 100%, title 100%, seniority 100%, hybrid precompute 98%; JD evidence is current Lead AI Engineer at Razorpay for 27 months shows a/b, bm25, embedding, embeddings, Senior Machine Learning Engineer at Paytm for 52 months shows bm25, embedding, embedding drift, index refresh with coverage of 14 retrieval/ranking signals, 5 evaluation signals, 7 production signals, semantic score 100%, JD coverage score 99%; skill proof is Information Retrieval (expert, 93 months, 59 endorsements), Embeddings (expert, 95 months, 4 endorsements), Elasticsearch (expert, 60 months, 23 endorsements), Recommendation Systems (expert, 62 months, 36 endorsements); hireability and trust are Jaipur, Rajasthan, India; notice 30 days; response rate 0.73; average response time 40h, profile completeness 96%, verified email, verified phone, LinkedIn connected, open to work; risk check is no major penalty signal surfaced."
CAND_0077337,3,0.917015,"Fit summary: Staff Machine Learning Engineer at Paytm is a strong JD match with 7.0 years in the JD's 5-9 year seniority band; component evidence is technical 100%, career 98%, depth 100%, title 100%, seniority 100%, hybrid precompute 98%; JD evidence is Senior NLP Engineer at Razorpay for 14 months shows bm25, embedding, embedding drift, index refresh, current Staff Machine Learning Engineer at Paytm for 19 months shows a/b, embedding, embeddings, production with coverage of 12 retrieval/ranking signals, 2 evaluation signals, 8 production signals, semantic score 100%, JD coverage score 99%; skill proof is Information Retrieval (expert, 61 months, 46 endorsements), Qdrant (expert, 56 months, 21 endorsements), Recommendation Systems (expert, 86 months, 35 endorsements), Python (expert, 82 months, 34 endorsements); hireability and trust are Kochi, Kerala, India; notice 60 days; response rate 0.95; average response time 26h, profile completeness 65%, verified email, verified phone, LinkedIn connected, open to work; risk check is no major penalty signal surfaced."
CAND_0002025,4,0.915909,"Fit summary: Senior AI Engineer at Apple is a strong JD match with 5.9 years in the JD's 5-9 year seniority band; component evidence is technical 100%, career 100%, depth 100%, title 100%, seniority 100%, hybrid precompute 98%; JD evidence is current Senior AI Engineer at Apple for 42 months shows a/b, embedding, embeddings, production, Lead AI Engineer at Aganitha for 28 months shows deployed, latency, matching, ranking with coverage of 13 retrieval/ranking signals, 1 evaluation signal, 6 production signals, semantic score 100%, JD coverage score 99%; skill proof is FAISS (expert, 86 months, 47 endorsements), Recommendation Systems (expert, 56 months, 40 endorsements), Python (expert, 54 months, 30 endorsements), NLP (expert, 38 months, 51 endorsements); hireability and trust are Trivandrum, Kerala, India; notice 30 days; response rate 0.80; average response time 21h, profile completeness 82%, verified email, verified phone, LinkedIn connected, open to work; risk check is no major penalty signal surfaced."
CAND_0006418,5,0.911820,"Fit summary: Machine Learning Engineer at Verloop.io is a strong JD match with 5.7 years in the JD's 5-9 year seniority band; component evidence is technical 100%, career 100%, depth 100%, title 100%, seniority 100%, hybrid precompute 98%; JD evidence is current Machine Learning Engineer at Verloop.io for 40 months shows a/b, ranking, shipped, AI Engineer at Flipkart for 27 months shows monitoring, production with coverage of 10 retrieval/ranking signals, 3 evaluation signals, 3 production signals, semantic score 100%, JD coverage score 99%; skill proof is Embeddings (expert, 71 months, 43 endorsements), Weaviate (expert, 93 months, 9 endorsements), Qdrant (expert, 53 months, 49 endorsements), OpenSearch (expert, 48 months, 55 endorsements); hireability and trust are Gurgaon, Haryana, India; notice 60 days; response rate 0.92; average response time 47h, profile completeness 74%, verified email, verified phone, open to work; risk check is no major penalty signal surfaced."
CAND_0066999,6,0.911789,"Fit summary: Recommendation Systems Engineer at Microsoft is a strong JD match with 5.9 years in the JD's 5-9 year seniority band; component evidence is technical 100%, career 98%, depth 100%, title 100%, seniority 100%, hybrid precompute 98%; JD evidence is current Recommendation Systems Engineer at Microsoft for 49 months shows learning-to-rank, ranking, recommendation, relevance labeling, Senior Data Scientist at Amazon for 21 months shows monitoring, production with coverage of 11 retrieval/ranking signals, 1 evaluation signal, 3 production signals, semantic score 100%, JD coverage score 99%; skill proof is Information Retrieval (expert, 46 months, 18 endorsements), FAISS (expert, 54 months, 44 endorsements), OpenSearch (expert, 48 months, 8 endorsements), Embeddings (advanced, 32 months, 6 endorsements); hireability and trust are Delhi, Delhi, India; notice 15 days; response rate 0.63; average response time 11h, profile completeness 73%, verified email, verified phone, LinkedIn connected, open to work; risk check is no major penalty signal surfaced."
CAND_0046525,7,0.909536,"Fit summary: Senior Machine Learning Engineer at Genpact AI is a strong JD match with 6.1 years in the JD's 5-9 year seniority band; component evidence is technical 90%, career 100%, depth 100%, title 100%, seniority 100%, hybrid precompute 98%; JD evidence is Senior Machine Learning Engineer at LinkedIn for 25 months shows a/b, bm25, embedding, embeddings, current Senior Machine Learning Engineer at Genpact AI for 48 months shows a/b, embedding, search with coverage of 11 retrieval/ranking signals, 5 evaluation signals, 4 production signals, semantic score 100%, JD coverage score 98%; skill proof is Information Retrieval (advanced, 59 months, 45 endorsements), Qdrant (expert, 44 months, 2 endorsements), Elasticsearch (advanced, 31 months, 24 endorsements), NLP (advanced, 38 months, 9 endorsements); hireability and trust are Pune, Maharashtra, India; notice 60 days; response rate 0.88; average response time 12h, profile completeness 63%, verified email, verified phone, LinkedIn connected, open to work; risk check is no major penalty signal surfaced."
CAND_0064326,8,0.908926,"Fit summary: Search Engineer at Sarvam AI is a strong JD match with 7.6 years in the JD's 5-9 year seniority band; component evidence is technical 97%, career 96%, depth 96%, title 100%, seniority 100%, hybrid precompute 97%; JD evidence is current Search Engineer at Sarvam AI for 31 months shows learning-to-rank, ranking, relevance labeling, search, Machine Learning Engineer at Freshworks for 24 months shows embedding, embeddings, evaluation framework, pinecone with coverage of 11 retrieval/ranking signals, 3 evaluation signals, 2 production signals, semantic score 100%, JD coverage score 98%; skill proof is Weaviate (expert, 51 months, 47 endorsements), Python (expert, 60 months, 25 endorsements), Milvus (advanced, 58 months, 1 endorsements), Semantic Search (advanced, 37 months, 31 endorsements); hireability and trust are Gurgaon, Haryana, India; notice 45 days; response rate 0.94; average response time 14h, profile completeness 54%, verified email, verified phone, open to work; risk check is no major penalty signal surfaced."
CAND_0068811,9,0.908743,"Fit summary: Applied ML Engineer at Freshworks is a strong JD match with 8.0 years in the JD's 5-9 year seniority band; component evidence is technical 100%, career 100%, depth 100%, title 100%, seniority 100%, hybrid precompute 98%; JD evidence is current Applied ML Engineer at Freshworks for 19 months shows a/b, embedding, embeddings, ranking, Recommendation Systems Engineer at Meesho for 25 months shows learning-to-rank, ranking, recommendation, relevance labeling with coverage of 11 retrieval/ranking signals, 5 evaluation signals, 3 production signals, semantic score 100%, JD coverage score 99%; skill proof is Qdrant (expert, 70 months, 41 endorsements), Pinecone (expert, 86 months, 49 endorsements), OpenSearch (expert, 70 months, 42 endorsements), Embeddings (advanced, 30 months, 33 endorsements); hireability and trust are Pune, Maharashtra, India; notice 30 days; response rate 0.42; average response time 27h, profile completeness 71%, verified email, LinkedIn connected, open to work; risk check is no major penalty signal surfaced."
CAND_0041669,10,0.904028,"Fit summary: Recommendation Systems Engineer at CRED is a strong JD match with 8.0 years in the JD's 5-9 year seniority band; component evidence is technical 100%, career 96%, depth 96%, title 100%, seniority 100%, hybrid precompute 97%; JD evidence is current Recommendation Systems Engineer at CRED for 37 months shows learning-to-rank, ranking, recommendation, relevance labeling, NLP Engineer at Yellow.ai for 6 months shows a/b, embedding, embeddings, ranking with coverage of 12 retrieval/ranking signals, 3 evaluation signals, 3 production signals, semantic score 100%, JD coverage score 98%; skill proof is Information Retrieval (advanced, 55 months, 21 endorsements), Milvus (expert, 76 months, 11 endorsements), FAISS (advanced, 38 months, 7 endorsements), Semantic Search (expert, 93 months, 7 endorsements); hireability and trust are Noida, Uttar Pradesh, India; notice 60 days; response rate 0.77; average response time 4h, profile completeness 62%, verified email, verified phone, open to work; risk check is no major penalty signal surfaced."
CAND_0041610,11,0.903826,"Fit summary: Recommendation Systems Engineer at Zoho is a strong JD match with 6.7 years in the JD's 5-9 year seniority band; component evidence is technical 97%, career 100%, depth 100%, title 100%, seniority 100%, hybrid precompute 98%; JD evidence is current Recommendation Systems Engineer at Zoho for 31 months shows learning-to-rank, ranking, recommendation, relevance labeling, Search Engineer at InMobi for 15 months shows embedding, embeddings, evaluation framework, pinecone with coverage of 11 retrieval/ranking signals, 4 evaluation signals, 2 production signals, semantic score 100%, JD coverage score 99%; skill proof is Elasticsearch (expert, 94 months, 28 endorsements), OpenSearch (expert, 82 months, 54 endorsements), Recommendation Systems (expert, 62 months, 38 endorsements), Embeddings (advanced, 55 months, 41 endorsements); hireability and trust are Indore, Madhya Pradesh, India; notice 30 days; response rate 0.52; average response time 5h, profile completeness 54%, verified email, verified phone, LinkedIn connected, open to work; risk check is no major penalty signal surfaced."
CAND_0010257,12,0.899612,"Fit summary: Senior Data Scientist at Google is a strong JD match with 6.5 years in the JD's 5-9 year seniority band; component evidence is technical 100%, career 100%, depth 100%, title 100%, seniority 100%, hybrid precompute 98%; JD evidence is Senior Data Scientist at Google for 26 months shows a/b, embedding, embeddings, ranking, current Senior Data Scientist at Google for 37 months shows monitoring, production with coverage of 9 retrieval/ranking signals, 3 evaluation signals, 4 production signals, semantic score 100%, JD coverage score 99%; skill proof is Milvus (expert, 72 months, 51 endorsements), Python (expert, 86 months, 27 endorsements), Qdrant (expert, 52 months, 4 endorsements), Recommendation Systems (expert, 67 months, 57 endorsements); hireability and trust are Noida, Uttar Pradesh, India; notice 120 days; response rate 0.72; average response time 46h, profile completeness 85%, verified email, verified phone, open to work; risk check is notice period is high at 120 days."
CAND_0088025,13,0.898395,"Fit summary: Staff Machine Learning Engineer at Yellow.ai is a strong JD match with 8.6 years in the JD's 5-9 year seniority band; component evidence is technical 100%, career 100%, depth 100%, title 100%, seniority 100%, hybrid precompute 98%; JD evidence is current Staff Machine Learning Engineer at Yellow.ai for 45 months shows a/b, embedding, learning-to-rank, pinecone, Staff Machine Learning Engineer at Niramai for 44 months shows a/b, embedding, learning-to-rank, pinecone with coverage of 9 retrieval/ranking signals, 1 evaluation signal, 3 production signals, semantic score 100%, JD coverage score 99%; skill proof is Elasticsearch (expert, 69 months, 59 endorsements), Python (expert, 63 months, 35 endorsements), BM25 (expert, 61 months, 50 endorsements), NLP (expert, 46 months, 35 endorsements); hireability and trust are Jaipur, Rajasthan, India; notice 90 days; response rate 0.83; average response time 24h, profile completeness 60%, verified email, verified phone, LinkedIn connected, open to work; risk check is notice period is 90 days."
CAND_0045250,14,0.897683,"Fit summary: Applied ML Engineer at Rephrase.ai is a strong JD match with 6.6 years in the JD's 5-9 year seniority band; component evidence is technical 100%, career 100%, depth 100%, title 100%, seniority 100%, hybrid precompute 98%; JD evidence is current Applied ML Engineer at Rephrase.ai for 46 months shows a/b, ranking, shipped, Applied ML Engineer at Paytm for 32 months shows monitoring, production with coverage of 9 retrieval/ranking signals, 1 evaluation signal, 3 production signals, semantic score 100%, JD coverage score 99%; skill proof is Embeddings (expert, 74 months, 16 endorsements), Qdrant (expert, 76 months, 40 endorsements), NLP (expert, 79 months, 51 endorsements), Vector Search (expert, 82 months, 30 endorsements); hireability and trust are Delhi, Delhi, India; notice 15 days; response rate 0.74; average response time 34h, profile completeness 90%, verified phone, LinkedIn connected; risk check is no major penalty signal surfaced."
CAND_0071974,15,0.897585,"Fit summary: Senior AI Engineer at Netflix is a strong JD match with 7.8 years in the JD's 5-9 year seniority band; component evidence is technical 100%, career 100%, depth 100%, title 100%, seniority 100%, hybrid precompute 98%; JD evidence is current Senior AI Engineer at Netflix for 50 months shows a/b, embedding, learning-to-rank, pinecone, Staff Machine Learning Engineer at Mad Street Den for 14 months shows a/b, embedding, embeddings, production with coverage of 13 retrieval/ranking signals, 1 evaluation signal, 6 production signals, semantic score 100%, JD coverage score 99%; skill proof is Embeddings (expert, 46 months, 50 endorsements), Information Retrieval (advanced, 29 months, 33 endorsements), Weaviate (expert, 61 months, 5 endorsements), Pinecone (expert, 51 months, 5 endorsements); hireability and trust are Vizag, Andhra Pradesh, India; notice 45 days; response rate 0.76; average response time 38h, profile completeness 87%, verified email, verified phone, LinkedIn connected, open to work; risk check is no major penalty signal surfaced."
CAND_0011162,16,0.897385,"Fit summary: Recommendation Systems Engineer at upGrad is a strong JD match with 5.8 years in the JD's 5-9 year seniority band; component evidence is technical 100%, career 100%, depth 100%, title 100%, seniority 100%, hybrid precompute 98%; JD evidence is current Recommendation Systems Engineer at upGrad for 25 months shows a/b, ranking, recommendation, shipped, Machine Learning Engineer at Google for 15 months shows learning-to-rank, ranking, relevance labeling, search with coverage of 12 retrieval/ranking signals, 2 evaluation signals, 3 production signals, semantic score 100%, JD coverage score 99%; skill proof is FAISS (expert, 94 months, 34 endorsements), Embeddings (expert, 69 months, 1 endorsements), OpenSearch (expert, 89 months, 45 endorsements), Pinecone (expert, 78 months, 28 endorsements); hireability and trust are Coimbatore, Tamil Nadu, India; notice 90 days; response rate 0.75; average response time 45h, profile completeness 86%, verified email, verified phone, LinkedIn connected, open to work; risk check is notice period is 90 days."
CAND_0055905,17,0.897127,"Fit summary: Senior Machine Learning Engineer at Flipkart is a strong JD match with 8.1 years in the JD's 5-9 year seniority band; component evidence is technical 100%, career 100%, depth 100%, title 100%, seniority 100%, hybrid precompute 98%; JD evidence is Senior Applied Scientist at Rephrase.ai for 45 months shows a/b, bm25, embedding, embeddings, current Senior Machine Learning Engineer at Flipkart for 14 months shows bm25, embedding, embedding drift, index refresh with coverage of 13 retrieval/ranking signals, 5 evaluation signals, 8 production signals, semantic score 100%, JD coverage score 99%; skill proof is Information Retrieval (advanced, 60 months, 8 endorsements), Embeddings (expert, 75 months, 17 endorsements), Elasticsearch (expert, 80 months, 23 endorsements), Python (expert, 45 months, 34 endorsements); hireability and trust are London, UK; notice 30 days; response rate 0.87; average response time 11h, profile completeness 57%, verified email, verified phone, LinkedIn connected, open to work; risk check is no major penalty signal surfaced."
CAND_0079387,18,0.896841,"Fit summary: AI Engineer at Microsoft is a strong JD match with 6.9 years in the JD's 5-9 year seniority band; component evidence is technical 95%, career 95%, depth 100%, title 100%, seniority 100%, hybrid precompute 97%; JD evidence is current AI Engineer at Microsoft for 22 months shows a/b, embedding, embeddings, ranking, AI Engineer at BYJU'S for 19 months shows bm25, elasticsearch, faiss, retrieval with coverage of 11 retrieval/ranking signals, 2 evaluation signals, 3 production signals, semantic score 100%, JD coverage score 98%; skill proof is Python (expert, 51 months, 14 endorsements), OpenSearch (expert, 87 months, 16 endorsements), Vector Search (expert, 83 months, 18 endorsements), Recommendation Systems (advanced, 59 months, 37 endorsements); hireability and trust are Trivandrum, Kerala, India; notice 30 days; response rate 0.81; average response time 29h, profile completeness 90%, verified email, verified phone, LinkedIn connected, open to work; risk check is no major penalty signal surfaced."
CAND_0007009,19,0.896699,"Fit summary: Recommendation Systems Engineer at Wysa is a strong JD match with 7.9 years in the JD's 5-9 year seniority band; component evidence is technical 99%, career 96%, depth 96%, title 100%, seniority 100%, hybrid precompute 97%; JD evidence is current Recommendation Systems Engineer at Wysa for 14 months shows embedding, embeddings, evaluation framework, pinecone, Recommendation Systems Engineer at Netflix for 32 months shows bm25, elasticsearch, faiss, recommendation with coverage of 11 retrieval/ranking signals, 3 evaluation signals, 2 production signals, semantic score 100%, JD coverage score 98%; skill proof is Embeddings (expert, 44 months, 28 endorsements), Weaviate (expert, 40 months, 6 endorsements), Python (expert, 95 months, 38 endorsements), OpenSearch (expert, 96 months, 23 endorsements); hireability and trust are Noida, Uttar Pradesh, India; notice 30 days; response rate 0.62; average response time 42h, profile completeness 83%, verified email, verified phone, open to work; risk check is no major penalty signal surfaced."
CAND_0030031,20,0.894636,"Fit summary: AI Engineer at Microsoft is a strong JD match with 5.7 years in the JD's 5-9 year seniority band; component evidence is technical 100%, career 100%, depth 100%, title 100%, seniority 100%, hybrid precompute 98%; JD evidence is current AI Engineer at Microsoft for 13 months shows a/b, embedding, embeddings, ranking, Search Engineer at Google for 27 months shows a/b, ranking, search, shipped with coverage of 8 retrieval/ranking signals, 1 evaluation signal, 4 production signals, semantic score 100%, JD coverage score 99%; skill proof is Python (expert, 57 months, 17 endorsements), Information Retrieval (advanced, 19 months, 28 endorsements), NLP (expert, 94 months, 40 endorsements), Vector Search (expert, 74 months, 37 endorsements); hireability and trust are Trivandrum, Kerala, India; notice 30 days; response rate 0.94; average response time 72h, profile completeness 81%, verified email, verified phone, LinkedIn connected; risk check is no major penalty signal surfaced."
CAND_0062247,21,0.894234,"Fit summary: AI Engineer at Google is a strong JD match with 7.3 years in the JD's 5-9 year seniority band; component evidence is technical 98%, career 96%, depth 96%, title 100%, seniority 100%, hybrid precompute 97%; JD evidence is current AI Engineer at Google for 37 months shows bm25, elasticsearch, faiss, retrieval, NLP Engineer at Dream11 for 50 months shows learning-to-rank, ranking, relevance labeling, search with coverage of 11 retrieval/ranking signals, 1 evaluation signal, 1 production signal, semantic score 100%, JD coverage score 98%; skill proof is Information Retrieval (advanced, 33 months, 3 endorsements), Pinecone (expert, 37 months, 5 endorsements), Qdrant (expert, 90 months, 10 endorsements), Vector Search (expert, 75 months, 43 endorsements); hireability and trust are Kochi, Kerala, India; notice 30 days; response rate 0.78; average response time 21h, profile completeness 57%, verified email, verified phone, open to work; risk check is no major penalty signal surfaced."
CAND_0050454,22,0.893658,"Fit summary: AI Engineer at Rephrase.ai is a strong JD match with 6.8 years in the JD's 5-9 year seniority band; component evidence is technical 92%, career 96%, depth 96%, title 100%, seniority 100%, hybrid precompute 97%; JD evidence is current AI Engineer at Rephrase.ai for 30 months shows bm25, elasticsearch, faiss, retrieval, Machine Learning Engineer at Adobe for 31 months shows bm25, elasticsearch, faiss, retrieval with coverage of 10 retrieval/ranking signals, 3 evaluation signals, 1 production signal, semantic score 100%, JD coverage score 97%; skill proof is FAISS (expert, 62 months, 33 endorsements), BM25 (expert, 55 months, 51 endorsements), NLP (expert, 50 months, 29 endorsements), Qdrant (advanced, 51 months, 59 endorsements); hireability and trust are Delhi, Delhi, India; notice 30 days; response rate 0.77; average response time 32h, profile completeness 78%, verified phone, LinkedIn connected, open to work; risk check is no major penalty signal surfaced."
CAND_0099806,23,0.891635,"Fit summary: AI Engineer at Mad Street Den is a strong JD match with 4.6 years in the JD's 5-9 year seniority band; component evidence is technical 100%, career 94%, depth 96%, title 100%, seniority 82%, hybrid precompute 97%; JD evidence is current AI Engineer at Mad Street Den for 33 months shows a/b, ranking, shipped, Machine Learning Engineer at upGrad for 21 months shows a/b, ranking, shipped with coverage of 11 retrieval/ranking signals, 1 evaluation signal, 2 production signals, semantic score 100%, JD coverage score 97%; skill proof is FAISS (expert, 58 months, 26 endorsements), Embeddings (expert, 89 months, 14 endorsements), Qdrant (expert, 63 months, 58 endorsements), Elasticsearch (advanced, 56 months, 10 endorsements); hireability and trust are Bhubaneswar, Odisha, India; notice 30 days; response rate 0.76; average response time 33h, profile completeness 90%, verified email, verified phone, LinkedIn connected, open to work; risk check is no major penalty signal surfaced."
CAND_0096142,24,0.891158,"Fit summary: Applied ML Engineer at upGrad is a strong JD match with 5.0 years in the JD's 5-9 year seniority band; component evidence is technical 100%, career 94%, depth 96%, title 100%, seniority 100%, hybrid precompute 97%; JD evidence is Applied ML Engineer at BYJU'S for 18 months shows a/b, embedding, embeddings, ranking, current Applied ML Engineer at upGrad for 42 months shows a/b, ranking, shipped with coverage of 9 retrieval/ranking signals, 1 evaluation signal, 4 production signals, semantic score 100%, JD coverage score 98%; skill proof is Pinecone (expert, 62 months, 18 endorsements), Python (expert, 72 months, 29 endorsements), NLP (expert, 48 months, 35 endorsements), BM25 (expert, 69 months, 13 endorsements); hireability and trust are Hyderabad, Telangana, India; notice 120 days; response rate 0.84; average response time 7h, profile completeness 67%, verified email, verified phone, open to work; risk check is notice period is high at 120 days."
CAND_0079064,25,0.890763,"Fit summary: Senior Data Scientist at Niramai is a strong JD match with 5.2 years in the JD's 5-9 year seniority band; component evidence is technical 95%, career 94%, depth 96%, title 100%, seniority 100%, hybrid precompute 97%; JD evidence is current Senior Data Scientist at Niramai for 44 months shows bm25, elasticsearch, faiss, retrieval, NLP Engineer at Razorpay for 18 months shows embedding, embeddings, evaluation framework, pinecone with coverage of 11 retrieval/ranking signals, 1 evaluation signal, 2 production signals, semantic score 100%, JD coverage score 97%; skill proof is OpenSearch (expert, 70 months, 52 endorsements), Pinecone (expert, 90 months, 21 endorsements), Semantic Search (expert, 76 months, 51 endorsements), Recommendation Systems (advanced, 53 months, 14 endorsements); hireability and trust are Noida, Uttar Pradesh, India; notice 120 days; response rate 0.91; average response time 3h, profile completeness 77%, verified email, verified phone, LinkedIn connected, open to work; risk check is notice period is high at 120 days."
CAND_0093912,26,0.888369,"Fit summary: Senior Data Scientist at Razorpay is a strong JD match with 5.3 years in the JD's 5-9 year seniority band; component evidence is technical 96%, career 94%, depth 96%, title 100%, seniority 100%, hybrid precompute 97%; JD evidence is current Senior Data Scientist at Razorpay for 27 months shows learning-to-rank, ranking, relevance labeling, search, Search Engineer at Flipkart for 19 months shows bm25, elasticsearch, faiss, retrieval with coverage of 11 retrieval/ranking signals, 3 evaluation signals, 2 production signals, semantic score 100%, JD coverage score 98%; skill proof is Embeddings (expert, 61 months, 5 endorsements), Milvus (expert, 61 months, 58 endorsements), Elasticsearch (expert, 77 months, 50 endorsements), Vector Search (expert, 80 months, 35 endorsements); hireability and trust are Chandigarh, Chandigarh, India; notice 30 days; response rate 0.66; average response time 40h, profile completeness 88%, verified email, verified phone, LinkedIn connected, open to work; risk check is no major penalty signal surfaced."
CAND_0052328,27,0.886722,"Fit summary: Recommendation Systems Engineer at Amazon is a strong JD match with 6.5 years in the JD's 5-9 year seniority band; component evidence is technical 89%, career 100%, depth 100%, title 100%, seniority 100%, hybrid precompute 97%; JD evidence is current Recommendation Systems Engineer at Amazon for 52 months shows embedding, embeddings, evaluation framework, pinecone, Senior Data Scientist at Observe.AI for 25 months shows monitoring, production with coverage of 8 retrieval/ranking signals, 1 evaluation signal, 2 production signals, semantic score 100%, JD coverage score 97%; skill proof is OpenSearch (expert, 42 months, 24 endorsements), Vector Search (expert, 53 months, 26 endorsements), Python (advanced, 50 months, 20 endorsements), Recommendation Systems (advanced, 34 months, 2 endorsements); hireability and trust are Pune, Maharashtra, India; notice 30 days; response rate 0.79; average response time 32h, profile completeness 77%, LinkedIn connected, open to work; risk check is no major penalty signal surfaced."
CAND_0036437,28,0.886565,"Fit summary: Search Engineer at Rephrase.ai is a strong JD match with 4.8 years in the JD's 5-9 year seniority band; component evidence is technical 100%, career 95%, depth 100%, title 100%, seniority 82%, hybrid precompute 97%; JD evidence is current Search Engineer at Rephrase.ai for 21 months shows learning-to-rank, ranking, relevance labeling, search, Machine Learning Engineer at Nykaa for 16 months shows learning-to-rank, ranking, relevance labeling, search with coverage of 10 retrieval/ranking signals, 1 evaluation signal, 3 production signals, semantic score 100%, JD coverage score 98%; skill proof is OpenSearch (expert, 48 months, 32 endorsements), Elasticsearch (expert, 92 months, 11 endorsements), Weaviate (expert, 73 months, 11 endorsements), FAISS (advanced, 37 months, 60 endorsements); hireability and trust are Kolkata, West Bengal, India; notice 30 days; response rate 0.87; average response time 35h, profile completeness 94%, verified email, verified phone, LinkedIn connected; risk check is no major penalty signal surfaced."
CAND_0074735,29,0.886121,"Fit summary: Applied ML Engineer at Rephrase.ai is a strong JD match with 5.5 years in the JD's 5-9 year seniority band; component evidence is technical 100%, career 98%, depth 100%, title 100%, seniority 100%, hybrid precompute 97%; JD evidence is current Applied ML Engineer at Rephrase.ai for 24 months shows embedding, embeddings, evaluation framework, pinecone, Search Engineer at Rephrase.ai for 19 months shows embedding, embeddings, evaluation framework, pinecone with coverage of 9 retrieval/ranking signals, 1 evaluation signal, 2 production signals, semantic score 100%, JD coverage score 99%; skill proof is Information Retrieval (expert, 55 months, 28 endorsements), Vector Search (expert, 79 months, 10 endorsements), Weaviate (advanced, 43 months, 37 endorsements), Elasticsearch (advanced, 26 months, 32 endorsements); hireability and trust are Chandigarh, Chandigarh, India; notice 90 days; response rate 0.77; average response time 10h, profile completeness 93%, verified email, verified phone, LinkedIn connected, open to work; risk check is notice period is 90 days."
CAND_0000031,30,0.885993,"Fit summary: Recommendation Systems Engineer at Swiggy is a strong JD match with 6.0 years in the JD's 5-9 year seniority band; component evidence is technical 95%, career 94%, depth 96%, title 100%, seniority 100%, hybrid precompute 97%; JD evidence is current Recommendation Systems Engineer at Swiggy for 14 months shows a/b, ranking, recommendation, shipped, Search Engineer at Mad Street Den for 16 months shows a/b, ranking, search, shipped with coverage of 9 retrieval/ranking signals, 2 evaluation signals, 2 production signals, semantic score 100%, JD coverage score 97%; skill proof is Information Retrieval (expert, 84 months, 2 endorsements), Embeddings (expert, 60 months, 48 endorsements), Pinecone (expert, 88 months, 34 endorsements), FAISS (advanced, 35 months, 19 endorsements); hireability and trust are Hyderabad, Telangana, India; notice 60 days; response rate 0.91; average response time 76h, profile completeness 83%, verified phone, open to work; risk check is no major penalty signal surfaced."
CAND_0018549,31,0.883765,"Fit summary: Recommendation Systems Engineer at Uber is a strong JD match with 6.8 years in the JD's 5-9 year seniority band; component evidence is technical 97%, career 96%, depth 96%, title 100%, seniority 100%, hybrid precompute 97%; JD evidence is current Recommendation Systems Engineer at Uber for 37 months shows learning-to-rank, ranking, recommendation, relevance labeling, Machine Learning Engineer at Flipkart for 44 months shows a/b, embedding, embeddings, ranking with coverage of 12 retrieval/ranking signals, 2 evaluation signals, 2 production signals, semantic score 100%, JD coverage score 98%; skill proof is Weaviate (expert, 44 months, 10 endorsements), Elasticsearch (expert, 73 months, 43 endorsements), Qdrant (expert, 74 months, 37 endorsements), Milvus (expert, 79 months, 5 endorsements); hireability and trust are Coimbatore, Tamil Nadu, India; notice 60 days; response rate 0.73; average response time 75h, profile completeness 65%, verified email, verified phone, LinkedIn connected, open to work; risk check is no major penalty signal surfaced."
CAND_0042506,32,0.883097,"Fit summary: Search Engineer at Verloop.io is a strong JD match with 4.2 years in the JD's 5-9 year seniority band; component evidence is technical 100%, career 94%, depth 96%, title 100%, seniority 82%, hybrid precompute 97%; JD evidence is current Search Engineer at Verloop.io for 18 months shows embedding, embeddings, evaluation framework, pinecone, Machine Learning Engineer at Meesho for 32 months shows a/b, embedding, embeddings, ranking with coverage of 10 retrieval/ranking signals, 2 evaluation signals, 2 production signals, semantic score 100%, JD coverage score 97%; skill proof is Information Retrieval (expert, 88 months, 26 endorsements), FAISS (expert, 81 months, 43 endorsements), Milvus (expert, 41 months, 30 endorsements), Qdrant (expert, 47 months, 25 endorsements); hireability and trust are Mumbai, Maharashtra, India; notice 15 days; response rate 0.48; average response time 76h, profile completeness 83%, verified phone, LinkedIn connected, open to work; risk check is no major penalty signal surfaced."
CAND_0044222,33,0.882365,"Fit summary: AI Engineer at PolicyBazaar is a strong JD match with 7.7 years in the JD's 5-9 year seniority band; component evidence is technical 100%, career 96%, depth 96%, title 100%, seniority 100%, hybrid precompute 97%; JD evidence is current AI Engineer at PolicyBazaar for 49 months shows bm25, elasticsearch, faiss, retrieval, AI Engineer at InMobi for 43 months shows a/b, ranking, shipped with coverage of 11 retrieval/ranking signals, 3 evaluation signals, 2 production signals, semantic score 100%, JD coverage score 98%; skill proof is OpenSearch (expert, 75 months, 34 endorsements), Qdrant (advanced, 26 months, 31 endorsements), Vector Search (advanced, 34 months, 16 endorsements), Weaviate (advanced, 18 months, 22 endorsements); hireability and trust are Vizag, Andhra Pradesh, India; notice 60 days; response rate 0.60; average response time 47h, profile completeness 71%, verified email, verified phone, LinkedIn connected, open to work; risk check is no major penalty signal surfaced."
CAND_0049538,34,0.882266,"Fit summary: Applied ML Engineer at Saarthi.ai is a strong JD match with 5.8 years in the JD's 5-9 year seniority band; component evidence is technical 100%, career 98%, depth 100%, title 100%, seniority 100%, hybrid precompute 97%; JD evidence is current Applied ML Engineer at Saarthi.ai for 40 months shows learning-to-rank, ranking, relevance labeling, search, Recommendation Systems Engineer at PolicyBazaar for 19 months shows monitoring, production, recommendation with coverage of 10 retrieval/ranking signals, 1 evaluation signal, 2 production signals, semantic score 100%, JD coverage score 99%; skill proof is OpenSearch (expert, 64 months, 24 endorsements), Milvus (expert, 91 months, 55 endorsements), Elasticsearch (expert, 92 months, 56 endorsements), Embeddings (advanced, 35 months, 6 endorsements); hireability and trust are Jaipur, Rajasthan, India; notice 30 days; response rate 0.72; average response time 27h, profile completeness 53%, verified email, verified phone, LinkedIn connected; risk check is no major penalty signal surfaced."
CAND_0078492,35,0.881996,"Fit summary: Recommendation Systems Engineer at Verloop.io is a strong JD match with 5.1 years in the JD's 5-9 year seniority band; component evidence is technical 100%, career 94%, depth 96%, title 100%, seniority 100%, hybrid precompute 97%; JD evidence is current Recommendation Systems Engineer at Verloop.io for 12 months shows learning-to-rank, ranking, recommendation, relevance labeling, Senior Data Scientist at Adobe for 49 months shows learning-to-rank, ranking, relevance labeling, search with coverage of 8 retrieval/ranking signals, 1 evaluation signal, 1 production signal, semantic score 100%, JD coverage score 98%; skill proof is FAISS (expert, 66 months, 55 endorsements), Qdrant (expert, 66 months, 43 endorsements), Elasticsearch (expert, 51 months, 24 endorsements), Recommendation Systems (advanced, 40 months, 28 endorsements); hireability and trust are Kochi, Kerala, India; notice 30 days; response rate 0.70; average response time 70h, profile completeness 58%, verified email, verified phone, open to work; risk check is no major penalty signal surfaced."
CAND_0075574,36,0.881619,"Fit summary: Machine Learning Engineer at Haptik is a strong JD match with 5.7 years in the JD's 5-9 year seniority band; component evidence is technical 100%, career 96%, depth 96%, title 100%, seniority 100%, hybrid precompute 97%; JD evidence is current Machine Learning Engineer at Haptik for 24 months shows learning-to-rank, ranking, relevance labeling, search, NLP Engineer at Genpact AI for 8 months shows embedding, embeddings, evaluation framework, pinecone with coverage of 12 retrieval/ranking signals, 3 evaluation signals, 2 production signals, semantic score 100%, JD coverage score 98%; skill proof is Weaviate (expert, 82 months, 51 endorsements), OpenSearch (expert, 94 months, 17 endorsements), Qdrant (expert, 42 months, 29 endorsements), Elasticsearch (expert, 94 months, 3 endorsements); hireability and trust are Bangalore, Karnataka, India; notice 60 days; response rate 0.58; average response time 45h, profile completeness 51%, verified email, LinkedIn connected, open to work; risk check is no major penalty signal surfaced."
CAND_0058688,37,0.881343,"Fit summary: AI Engineer at Vedantu is a strong JD match with 6.7 years in the JD's 5-9 year seniority band; component evidence is technical 93%, career 100%, depth 100%, title 100%, seniority 100%, hybrid precompute 97%; JD evidence is Recommendation Systems Engineer at Apple for 43 months shows a/b, embedding, embeddings, ranking, current AI Engineer at Vedantu for 37 months shows monitoring, production with coverage of 7 retrieval/ranking signals, 1 evaluation signal, 3 production signals, semantic score 100%, JD coverage score 98%; skill proof is Information Retrieval (expert, 51 months, 17 endorsements), Embeddings (expert, 69 months, 14 endorsements), Milvus (expert, 86 months, 12 endorsements), Semantic Search (expert, 39 months, 3 endorsements); hireability and trust are Berlin, Germany; notice 15 days; response rate 0.74; average response time 8h, profile completeness 68%, verified email, verified phone, LinkedIn connected, open to work; risk check is no major penalty signal surfaced."
CAND_0095528,38,0.881296,"Fit summary: Senior Data Scientist at Netflix is a strong JD match with 5.3 years in the JD's 5-9 year seniority band; component evidence is technical 100%, career 100%, depth 100%, title 100%, seniority 100%, hybrid precompute 97%; JD evidence is current Senior Data Scientist at Netflix for 33 months shows a/b, embedding, embeddings, ranking, Recommendation Systems Engineer at Adobe for 30 months shows monitoring, production, recommendation with coverage of 9 retrieval/ranking signals, 3 evaluation signals, 3 production signals, semantic score 100%, JD coverage score 99%; skill proof is Qdrant (expert, 50 months, 19 endorsements), Elasticsearch (expert, 66 months, 49 endorsements), Semantic Search (expert, 64 months, 26 endorsements), Vector Search (expert, 54 months, 11 endorsements); hireability and trust are Indore, Madhya Pradesh, India; notice 45 days; response rate 0.55; average response time 53h, profile completeness 78%, verified email, verified phone, open to work; risk check is no major penalty signal surfaced."
CAND_0014440,39,0.881247,"Fit summary: Recommendation Systems Engineer at CRED is a strong JD match with 6.4 years in the JD's 5-9 year seniority band; component evidence is technical 92%, career 100%, depth 100%, title 100%, seniority 100%, hybrid precompute 97%; JD evidence is current Recommendation Systems Engineer at CRED for 31 months shows learning-to-rank, ranking, recommendation, relevance labeling, NLP Engineer at Freshworks for 31 months shows learning-to-rank, ranking, relevance labeling, search with coverage of 10 retrieval/ranking signals, 2 evaluation signals, 2 production signals, semantic score 100%, JD coverage score 98%; skill proof is FAISS (expert, 38 months, 52 endorsements), Milvus (expert, 79 months, 2 endorsements), Qdrant (expert, 49 months, 10 endorsements), Elasticsearch (advanced, 28 months, 18 endorsements); hireability and trust are Chennai, Tamil Nadu, India; notice 60 days; response rate 0.64; average response time 15h, profile completeness 69%, verified email, verified phone, LinkedIn connected, open to work; risk check is no major penalty signal surfaced."
CAND_0015578,40,0.880691,"Fit summary: AI Engineer at Zoho is a strong JD match with 5.4 years in the JD's 5-9 year seniority band; component evidence is technical 100%, career 94%, depth 96%, title 100%, seniority 100%, hybrid precompute 97%; JD evidence is current AI Engineer at Zoho for 42 months shows embedding, embeddings, evaluation framework, pinecone, Search Engineer at Glance for 22 months shows embedding, embeddings, evaluation framework, pinecone with coverage of 8 retrieval/ranking signals, 1 evaluation signal, 1 production signal, semantic score 100%, JD coverage score 98%; skill proof is Embeddings (expert, 94 months, 39 endorsements), FAISS (expert, 92 months, 56 endorsements), Pinecone (expert, 90 months, 54 endorsements), NLP (expert, 62 months, 19 endorsements); hireability and trust are Delhi, Delhi, India; notice 90 days; response rate 0.65; average response time 76h, profile completeness 88%, verified email, verified phone, LinkedIn connected, open to work; risk check is notice period is 90 days."
CAND_0042029,41,0.880169,"Fit summary: Senior Data Scientist at Flipkart is a strong JD match with 6.5 years in the JD's 5-9 year seniority band; component evidence is technical 100%, career 96%, depth 96%, title 100%, seniority 100%, hybrid precompute 97%; JD evidence is current Senior Data Scientist at Flipkart for 36 months shows a/b, ranking, shipped, Machine Learning Engineer at Observe.AI for 42 months shows embedding, embeddings, evaluation framework, pinecone with coverage of 11 retrieval/ranking signals, 4 evaluation signals, 2 production signals, semantic score 100%, JD coverage score 98%; skill proof is Embeddings (expert, 54 months, 26 endorsements), OpenSearch (expert, 96 months, 8 endorsements), NLP (expert, 88 months, 41 endorsements), Elasticsearch (advanced, 54 months, 37 endorsements); hireability and trust are Delhi, Delhi, India; notice 45 days; response rate 0.67; average response time 21h, profile completeness 53%, verified email, verified phone, LinkedIn connected; risk check is no major penalty signal surfaced."
CAND_0064904,42,0.879516,"Fit summary: AI Engineer at LinkedIn is a strong JD match with 4.9 years in the JD's 5-9 year seniority band; component evidence is technical 100%, career 100%, depth 100%, title 100%, seniority 82%, hybrid precompute 97%; JD evidence is Applied ML Engineer at Freshworks for 31 months shows a/b, embedding, embeddings, ranking, current AI Engineer at LinkedIn for 27 months shows monitoring, production with coverage of 9 retrieval/ranking signals, 1 evaluation signal, 3 production signals, semantic score 100%, JD coverage score 98%; skill proof is Embeddings (expert, 74 months, 58 endorsements), Elasticsearch (expert, 71 months, 20 endorsements), Python (expert, 52 months, 47 endorsements), Recommendation Systems (advanced, 39 months, 26 endorsements); hireability and trust are Hyderabad, Telangana, India; notice 90 days; response rate 0.78; average response time 41h, profile completeness 70%, verified email, verified phone, open to work; risk check is notice period is 90 days."
CAND_0005649,43,0.879289,"Fit summary: Senior Data Scientist at Sarvam AI is a strong JD match with 7.4 years in the JD's 5-9 year seniority band; component evidence is technical 97%, career 98%, depth 100%, title 100%, seniority 100%, hybrid precompute 97%; JD evidence is current Senior Data Scientist at Sarvam AI for 18 months shows bm25, elasticsearch, faiss, retrieval, Recommendation Systems Engineer at Aganitha for 12 months shows embedding, embeddings, evaluation framework, pinecone with coverage of 11 retrieval/ranking signals, 2 evaluation signals, 3 production signals, semantic score 100%, JD coverage score 98%; skill proof is Information Retrieval (expert, 46 months, 60 endorsements), Recommendation Systems (expert, 89 months, 24 endorsements), Weaviate (expert, 74 months, 20 endorsements), Semantic Search (expert, 51 months, 20 endorsements); hireability and trust are Delhi, Delhi, India; notice 90 days; response rate 0.57; average response time 59h, profile completeness 58%, verified email, verified phone, open to work; risk check is notice period is 90 days."
CAND_0077285,44,0.878542,"Fit summary: Recommendation Systems Engineer at Nykaa is a strong JD match with 5.5 years in the JD's 5-9 year seniority band; component evidence is technical 100%, career 98%, depth 100%, title 100%, seniority 100%, hybrid precompute 97%; JD evidence is current Recommendation Systems Engineer at Nykaa for 42 months shows a/b, ranking, recommendation, shipped, AI Engineer at upGrad for 8 months shows embedding, embeddings, evaluation framework, pinecone with coverage of 8 retrieval/ranking signals, 2 evaluation signals, 3 production signals, semantic score 100%, JD coverage score 98%; skill proof is Information Retrieval (expert, 58 months, 59 endorsements), Embeddings (expert, 46 months, 44 endorsements), Pinecone (advanced, 51 months, 32 endorsements), Milvus (advanced, 57 months, 43 endorsements); hireability and trust are Ahmedabad, Gujarat, India; notice 60 days; response rate 0.56; average response time 16h, profile completeness 71%, verified email, LinkedIn connected, open to work; risk check is no major penalty signal surfaced."
CAND_0061257,45,0.878109,"Fit summary: Staff Machine Learning Engineer at LinkedIn is a strong JD match with 8.0 years in the JD's 5-9 year seniority band; component evidence is technical 78%, career 96%, depth 96%, title 100%, seniority 100%, hybrid precompute 96%; JD evidence is current Staff Machine Learning Engineer at LinkedIn for 43 months shows evaluation framework, production, ranking, users, Senior Applied Scientist at Yellow.ai for 52 months shows ranking, search, users with coverage of 3 retrieval/ranking signals, 1 evaluation signal, 3 production signals, semantic score 100%, JD coverage score 94%; skill proof is Information Retrieval Systems (advanced, 58 months, 32 endorsements), Python (expert, 72 months, 38 endorsements), Search Infrastructure (expert, 83 months, 37 endorsements), Search Backend (advanced, 23 months, 10 endorsements); hireability and trust are Noida, Uttar Pradesh, India; notice 30 days; response rate 0.87; average response time 50h, profile completeness 93%, verified email, verified phone, LinkedIn connected, open to work; risk check is no major penalty signal surfaced."
CAND_0074225,46,0.877304,"Fit summary: Machine Learning Engineer at Unacademy is a strong JD match with 4.3 years in the JD's 5-9 year seniority band; component evidence is technical 100%, career 96%, depth 96%, title 100%, seniority 82%, hybrid precompute 97%; JD evidence is current Machine Learning Engineer at Unacademy for 26 months shows a/b, ranking, shipped, Machine Learning Engineer at Mad Street Den for 25 months shows embedding, embeddings, evaluation framework, pinecone with coverage of 10 retrieval/ranking signals, 2 evaluation signals, 2 production signals, semantic score 100%, JD coverage score 97%; skill proof is Elasticsearch (expert, 37 months, 42 endorsements), Milvus (expert, 94 months, 46 endorsements), Python (expert, 71 months, 56 endorsements), Vector Search (expert, 90 months, 45 endorsements); hireability and trust are Vizag, Andhra Pradesh, India; notice 120 days; response rate 0.91; average response time 34h, profile completeness 74%, verified email, verified phone, LinkedIn connected, open to work; risk check is notice period is high at 120 days."
CAND_0039383,47,0.877297,"Fit summary: Applied ML Engineer at Meesho is a strong JD match with 7.1 years in the JD's 5-9 year seniority band; component evidence is technical 97%, career 96%, depth 96%, title 100%, seniority 100%, hybrid precompute 97%; JD evidence is current Applied ML Engineer at Meesho for 34 months shows a/b, ranking, shipped, Machine Learning Engineer at Swiggy for 13 months shows bm25, elasticsearch, faiss, retrieval with coverage of 7 retrieval/ranking signals, 1 evaluation signal, 2 production signals, semantic score 100%, JD coverage score 97%; skill proof is FAISS (expert, 67 months, 38 endorsements), Elasticsearch (expert, 48 months, 37 endorsements), Vector Search (expert, 53 months, 15 endorsements), Recommendation Systems (advanced, 24 months, 47 endorsements); hireability and trust are Gurgaon, Haryana, India; notice 90 days; response rate 0.61; average response time 68h, profile completeness 89%, verified email, verified phone, open to work; risk check is notice period is 90 days."
CAND_0024620,48,0.874565,"Fit summary: AI Engineer at PharmEasy is a strong JD match with 5.9 years in the JD's 5-9 year seniority band; component evidence is technical 100%, career 100%, depth 100%, title 100%, seniority 100%, hybrid precompute 97%; JD evidence is current AI Engineer at PharmEasy for 14 months shows learning-to-rank, ranking, relevance labeling, search, Recommendation Systems Engineer at Saarthi.ai for 32 months shows monitoring, production, recommendation with coverage of 8 retrieval/ranking signals, 3 evaluation signals, 2 production signals, semantic score 100%, JD coverage score 99%; skill proof is Information Retrieval (expert, 40 months, 34 endorsements), Python (expert, 53 months, 57 endorsements), Elasticsearch (expert, 42 months, 41 endorsements), BM25 (expert, 90 months, 32 endorsements); hireability and trust are New York, USA; notice 45 days; response rate 0.41; average response time 12h, profile completeness 64%, verified email, verified phone, LinkedIn connected, open to work; risk check is no major penalty signal surfaced."
CAND_0007412,49,0.874432,"Fit summary: Applied ML Engineer at Zoho is a strong JD match with 7.4 years in the JD's 5-9 year seniority band; component evidence is technical 89%, career 94%, depth 96%, title 100%, seniority 100%, hybrid precompute 96%; JD evidence is current Applied ML Engineer at Zoho for 33 months shows embedding, embeddings, evaluation framework, pinecone, Search Engineer at Swiggy for 14 months shows embedding, embeddings, evaluation framework, pinecone with coverage of 9 retrieval/ranking signals, 3 evaluation signals, 3 production signals, semantic score 100%, JD coverage score 97%; skill proof is Pinecone (expert, 96 months, 21 endorsements), Recommendation Systems (expert, 83 months, 4 endorsements), BM25 (expert, 44 months, 46 endorsements), Milvus (advanced, 60 months, 60 endorsements); hireability and trust are Noida, Uttar Pradesh, India; notice 120 days; response rate 0.76; average response time 24h, profile completeness 81%, verified email, verified phone, LinkedIn connected, open to work; risk check is notice period is high at 120 days."
CAND_0087364,50,0.873398,"Fit summary: Recommendation Systems Engineer at Glance is a strong JD match with 4.9 years in the JD's 5-9 year seniority band; component evidence is technical 100%, career 98%, depth 100%, title 100%, seniority 82%, hybrid precompute 97%; JD evidence is current Recommendation Systems Engineer at Glance for 45 months shows monitoring, production, recommendation, Recommendation Systems Engineer at Rephrase.ai for 13 months shows a/b, ranking, recommendation, shipped with coverage of 9 retrieval/ranking signals, 1 evaluation signal, 3 production signals, semantic score 100%, JD coverage score 98%; skill proof is Milvus (expert, 46 months, 33 endorsements), Pinecone (expert, 46 months, 51 endorsements), OpenSearch (expert, 45 months, 24 endorsements), Elasticsearch (expert, 50 months, 12 endorsements); hireability and trust are Gurgaon, Haryana, India; notice 30 days; response rate 0.48; average response time 54h, profile completeness 60%, verified email, verified phone, LinkedIn connected; risk check is no major penalty signal surfaced."
CAND_0037566,51,0.873015,"Fit summary: Machine Learning Engineer at LinkedIn is a strong JD match with 6.9 years in the JD's 5-9 year seniority band; component evidence is technical 89%, career 96%, depth 96%, title 100%, seniority 100%, hybrid precompute 96%; JD evidence is current Machine Learning Engineer at LinkedIn for 51 months shows embedding, embeddings, evaluation framework, pinecone, Machine Learning Engineer at Paytm for 31 months shows embedding, embeddings, evaluation framework, pinecone with coverage of 9 retrieval/ranking signals, 1 evaluation signal, 2 production signals, semantic score 100%, JD coverage score 97%; skill proof is Pinecone (expert, 74 months, 37 endorsements), Elasticsearch (expert, 74 months, 60 endorsements), NLP (advanced, 35 months, 58 endorsements), BM25 (advanced, 19 months, 34 endorsements); hireability and trust are Bangalore, Karnataka, India; notice 15 days; response rate 0.50; average response time 70h, profile completeness 91%, verified email, verified phone, LinkedIn connected, open to work; risk check is no major penalty signal surfaced."
CAND_0061655,52,0.872529,"Fit summary: Machine Learning Engineer at Krutrim is a strong JD match with 4.6 years in the JD's 5-9 year seniority band; component evidence is technical 100%, career 94%, depth 96%, title 100%, seniority 82%, hybrid precompute 97%; JD evidence is current Machine Learning Engineer at Krutrim for 43 months shows learning-to-rank, ranking, relevance labeling, search, Recommendation Systems Engineer at Google for 11 months shows a/b, embedding, embeddings, ranking with coverage of 11 retrieval/ranking signals, 4 evaluation signals, 2 production signals, semantic score 100%, JD coverage score 97%; skill proof is Pinecone (expert, 65 months, 46 endorsements), OpenSearch (expert, 36 months, 34 endorsements), Elasticsearch (expert, 42 months, 52 endorsements), NLP (expert, 58 months, 34 endorsements); hireability and trust are Jaipur, Rajasthan, India; notice 15 days; response rate 0.88; average response time 48h, profile completeness 98%, verified email, verified phone, LinkedIn connected; risk check is no major penalty signal surfaced."
CAND_0072660,53,0.872281,"Fit summary: Machine Learning Engineer at Unacademy is a strong JD match with 7.1 years in the JD's 5-9 year seniority band; component evidence is technical 100%, career 98%, depth 100%, title 100%, seniority 100%, hybrid precompute 97%; JD evidence is NLP Engineer at Adobe for 50 months shows learning-to-rank, ranking, relevance labeling, search, Machine Learning Engineer at Glance for 16 months shows learning-to-rank, ranking, relevance labeling, search with coverage of 8 retrieval/ranking signals, 1 evaluation signal, 2 production signals, semantic score 100%, JD coverage score 99%; skill proof is Information Retrieval (expert, 79 months, 52 endorsements), FAISS (expert, 48 months, 24 endorsements), OpenSearch (expert, 64 months, 8 endorsements), Elasticsearch (expert, 36 months, 5 endorsements); hireability and trust are Berlin, Germany; notice 30 days; response rate 0.53; average response time 49h, profile completeness 76%, verified email, LinkedIn connected, open to work; risk check is no major penalty signal surfaced."
CAND_0066376,54,0.872146,"Fit summary: Applied ML Engineer at Dream11 is a strong JD match with 5.7 years in the JD's 5-9 year seniority band; component evidence is technical 100%, career 94%, depth 96%, title 100%, seniority 100%, hybrid precompute 97%; JD evidence is current Applied ML Engineer at Dream11 for 45 months shows a/b, embedding, embeddings, ranking, Senior Data Scientist at Salesforce for 22 months shows bm25, elasticsearch, faiss, retrieval with coverage of 9 retrieval/ranking signals, 3 evaluation signals, 2 production signals, semantic score 100%, JD coverage score 97%; skill proof is Information Retrieval (expert, 50 months, 25 endorsements), FAISS (expert, 84 months, 38 endorsements), NLP (expert, 53 months, 1 endorsements), BM25 (expert, 59 months, 39 endorsements); hireability and trust are Mumbai, Maharashtra, India; notice 90 days; response rate 0.51; average response time 63h, profile completeness 63%, verified phone, LinkedIn connected, open to work; risk check is notice period is 90 days."
CAND_0020877,55,0.870891,"Fit summary: Applied ML Engineer at CRED is a strong JD match with 5.1 years in the JD's 5-9 year seniority band; component evidence is technical 100%, career 94%, depth 96%, title 100%, seniority 100%, hybrid precompute 97%; JD evidence is current Applied ML Engineer at CRED for 38 months shows bm25, elasticsearch, faiss, retrieval, Senior Data Scientist at BYJU'S for 22 months shows embedding, embeddings, evaluation framework, pinecone with coverage of 13 retrieval/ranking signals, 3 evaluation signals, 2 production signals, semantic score 100%, JD coverage score 97%; skill proof is Information Retrieval (expert, 84 months, 53 endorsements), Elasticsearch (expert, 69 months, 30 endorsements), Weaviate (expert, 76 months, 3 endorsements), Milvus (expert, 72 months, 19 endorsements); hireability and trust are Gurgaon, Haryana, India; notice 60 days; response rate 0.66; average response time 67h, profile completeness 65%, verified email, verified phone, LinkedIn connected; risk check is no major penalty signal surfaced."
CAND_0068351,56,0.870239,"Fit summary: Lead AI Engineer at Sarvam AI is a strong JD match with 6.4 years in the JD's 5-9 year seniority band; component evidence is technical 100%, career 96%, depth 96%, title 100%, seniority 100%, hybrid precompute 97%; JD evidence is current Lead AI Engineer at Sarvam AI for 25 months shows ranking, search, users, Senior Machine Learning Engineer at Microsoft for 6 months shows evaluation framework, production, ranking, users with coverage of 6 retrieval/ranking signals, 1 evaluation signal, 3 production signals, semantic score 100%, JD coverage score 97%; skill proof is Information Retrieval Systems (advanced, 39 months, 33 endorsements), Qdrant (expert, 78 months, 47 endorsements), Elasticsearch (expert, 44 months, 39 endorsements), Python (expert, 67 months, 11 endorsements); hireability and trust are Delhi, Delhi, India; notice 0 days; response rate 0.86; average response time 39h, profile completeness 94%, verified email, LinkedIn connected; risk check is no major penalty signal surfaced."
CAND_0079284,57,0.869687,"Fit summary: Machine Learning Engineer at Google is a strong JD match with 4.9 years in the JD's 5-9 year seniority band; component evidence is technical 96%, career 94%, depth 96%, title 100%, seniority 82%, hybrid precompute 96%; JD evidence is Machine Learning Engineer at Swiggy for 22 months shows a/b, embedding, embeddings, ranking, current Machine Learning Engineer at Google for 36 months shows a/b, ranking, shipped with coverage of 8 retrieval/ranking signals, 1 evaluation signal, 3 production signals, semantic score 100%, JD coverage score 97%; skill proof is Recommendation Systems (expert, 48 months, 47 endorsements), Qdrant (expert, 59 months, 11 endorsements), Elasticsearch (expert, 95 months, 46 endorsements), NLP (expert, 50 months, 40 endorsements); hireability and trust are Hyderabad, Telangana, India; notice 30 days; response rate 0.79; average response time 59h, profile completeness 86%, verified email, verified phone, LinkedIn connected; risk check is no major penalty signal surfaced."
CAND_0081852,58,0.869650,"Fit summary: Senior Data Scientist at Mad Street Den is a strong JD match with 5.9 years in the JD's 5-9 year seniority band; component evidence is technical 86%, career 98%, depth 100%, title 100%, seniority 100%, hybrid precompute 96%; JD evidence is current Senior Data Scientist at Mad Street Den for 51 months shows embedding, embeddings, evaluation framework, pinecone, AI Engineer at Nykaa for 19 months shows monitoring, production with coverage of 8 retrieval/ranking signals, 3 evaluation signals, 2 production signals, semantic score 100%, JD coverage score 97%; skill proof is Milvus (expert, 57 months, 23 endorsements), Semantic Search (expert, 42 months, 8 endorsements), Vector Search (expert, 61 months, 29 endorsements), Weaviate (advanced, 43 months, 48 endorsements); hireability and trust are Delhi, Delhi, India; notice 45 days; response rate 0.44; average response time 52h, profile completeness 96%, verified email, LinkedIn connected, open to work; risk check is no major penalty signal surfaced."
CAND_0044855,59,0.869609,"Fit summary: Senior Data Scientist at Flipkart is a strong JD match with 6.6 years in the JD's 5-9 year seniority band; component evidence is technical 100%, career 96%, depth 96%, title 100%, seniority 100%, hybrid precompute 97%; JD evidence is Recommendation Systems Engineer at LinkedIn for 22 months shows a/b, embedding, embeddings, ranking, current Senior Data Scientist at Flipkart for 31 months shows embedding, embeddings, evaluation framework, pinecone with coverage of 12 retrieval/ranking signals, 2 evaluation signals, 3 production signals, semantic score 100%, JD coverage score 98%; skill proof is Information Retrieval (expert, 91 months, 3 endorsements), Embeddings (expert, 76 months, 49 endorsements), OpenSearch (expert, 81 months, 12 endorsements), Pinecone (expert, 44 months, 41 endorsements); hireability and trust are Coimbatore, Tamil Nadu, India; notice 60 days; response rate 0.57; average response time 4h, profile completeness 94%, verified email, verified phone; risk check is no major penalty signal surfaced."
CAND_0051004,60,0.869436,"Fit summary: Senior Data Scientist at CRED is a strong JD match with 4.7 years in the JD's 5-9 year seniority band; component evidence is technical 89%, career 96%, depth 96%, title 100%, seniority 82%, hybrid precompute 96%; JD evidence is current Senior Data Scientist at CRED for 24 months shows embedding, embeddings, evaluation framework, pinecone, NLP Engineer at Niramai for 32 months shows embedding, embeddings, evaluation framework, pinecone with coverage of 7 retrieval/ranking signals, 1 evaluation signal, 1 production signal, semantic score 100%, JD coverage score 96%; skill proof is Qdrant (expert, 48 months, 24 endorsements), Embeddings (advanced, 57 months, 7 endorsements), Vector Search (expert, 95 months, 1 endorsements), Semantic Search (advanced, 50 months, 36 endorsements); hireability and trust are Delhi, Delhi, India; notice 15 days; response rate 0.41; average response time 8h, profile completeness 57%, verified email, verified phone, LinkedIn connected, open to work; risk check is no major penalty signal surfaced."
CAND_0008239,61,0.868681,"Fit summary: AI Engineer at Apple is a strong JD match with 4.0 years in the JD's 5-9 year seniority band; component evidence is technical 100%, career 94%, depth 96%, title 100%, seniority 82%, hybrid precompute 96%; JD evidence is current AI Engineer at Apple for 48 months shows learning-to-rank, ranking, relevance labeling, search with coverage of 8 retrieval/ranking signals, 1 evaluation signal, 1 production signal, semantic score 100%, JD coverage score 97%; skill proof is FAISS (expert, 44 months, 25 endorsements), Milvus (expert, 72 months, 54 endorsements), Vector Search (expert, 61 months, 32 endorsements), Elasticsearch (advanced, 39 months, 59 endorsements); hireability and trust are Jaipur, Rajasthan, India; notice 15 days; response rate 0.73; average response time 51h, profile completeness 96%, verified email, LinkedIn connected, open to work; risk check is no major penalty signal surfaced."
CAND_0009024,62,0.867548,"Fit summary: Search Engineer at Google is a strong JD match with 5.2 years in the JD's 5-9 year seniority band; component evidence is technical 95%, career 96%, depth 96%, title 100%, seniority 100%, hybrid precompute 96%; JD evidence is current Search Engineer at Google for 33 months shows a/b, embedding, embeddings, ranking, Applied ML Engineer at Aganitha for 28 months shows a/b, embedding, embeddings, ranking with coverage of 9 retrieval/ranking signals, 3 evaluation signals, 2 production signals, semantic score 100%, JD coverage score 97%; skill proof is Recommendation Systems (expert, 82 months, 33 endorsements), OpenSearch (expert, 90 months, 58 endorsements), FAISS (advanced, 32 months, 18 endorsements), Qdrant (advanced, 31 months, 48 endorsements); hireability and trust are Chennai, Tamil Nadu, India; notice 30 days; response rate 0.46; average response time 18h, profile completeness 63%, verified email, verified phone, LinkedIn connected, open to work; risk check is no major penalty signal surfaced."
CAND_0060054,63,0.865364,"Fit summary: AI Engineer at Mad Street Den is a strong JD match with 6.4 years in the JD's 5-9 year seniority band; component evidence is technical 94%, career 96%, depth 96%, title 100%, seniority 100%, hybrid precompute 96%; JD evidence is current AI Engineer at Mad Street Den for 31 months shows bm25, elasticsearch, faiss, retrieval, Recommendation Systems Engineer at Zomato for 24 months shows a/b, embedding, embeddings, ranking with coverage of 10 retrieval/ranking signals, 3 evaluation signals, 3 production signals, semantic score 100%, JD coverage score 97%; skill proof is Elasticsearch (expert, 53 months, 17 endorsements), Recommendation Systems (expert, 87 months, 39 endorsements), FAISS (advanced, 59 months, 37 endorsements), Semantic Search (expert, 70 months, 19 endorsements); hireability and trust are Jaipur, Rajasthan, India; notice 15 days; response rate 0.86; average response time 66h, profile completeness 67%, verified email, verified phone, LinkedIn connected; risk check is no major penalty signal surfaced."
CAND_0007460,64,0.865239,"Fit summary: AI Engineer at Salesforce is a strong JD match with 4.7 years in the JD's 5-9 year seniority band; component evidence is technical 100%, career 94%, depth 96%, title 100%, seniority 82%, hybrid precompute 96%; JD evidence is current AI Engineer at Salesforce for 56 months shows learning-to-rank, ranking, relevance labeling, search with coverage of 8 retrieval/ranking signals, 2 evaluation signals, 2 production signals, semantic score 100%, JD coverage score 97%; skill proof is Information Retrieval (advanced, 32 months, 21 endorsements), Weaviate (expert, 72 months, 45 endorsements), Semantic Search (expert, 38 months, 58 endorsements), NLP (expert, 37 months, 46 endorsements); hireability and trust are Pune, Maharashtra, India; notice 120 days; response rate 0.48; average response time 31h, profile completeness 98%, verified phone, LinkedIn connected, open to work; risk check is notice period is high at 120 days."
CAND_0061265,65,0.864975,"Fit summary: Recommendation Systems Engineer at Zoho is a strong JD match with 6.6 years in the JD's 5-9 year seniority band; component evidence is technical 87%, career 98%, depth 100%, title 100%, seniority 100%, hybrid precompute 96%; JD evidence is current Recommendation Systems Engineer at Zoho for 20 months shows bm25, elasticsearch, faiss, recommendation, Senior Data Scientist at Paytm for 22 months shows learning-to-rank, ranking, relevance labeling, search with coverage of 12 retrieval/ranking signals, 1 evaluation signal, 2 production signals, semantic score 100%, JD coverage score 97%; skill proof is Embeddings (expert, 57 months, 14 endorsements), Qdrant (expert, 76 months, 8 endorsements), Milvus (expert, 40 months, 53 endorsements), Vector Search (advanced, 26 months, 41 endorsements); hireability and trust are Delhi, Delhi, India; notice 120 days; response rate 0.94; average response time 6h, profile completeness 86%, verified email, open to work; risk check is notice period is high at 120 days."
CAND_0029367,66,0.864961,"Fit summary: Senior Data Scientist at Rephrase.ai is a strong JD match with 5.7 years in the JD's 5-9 year seniority band; component evidence is technical 99%, career 94%, depth 96%, title 100%, seniority 100%, hybrid precompute 96%; JD evidence is current Senior Data Scientist at Rephrase.ai for 44 months shows bm25, elasticsearch, faiss, retrieval, Applied ML Engineer at CRED for 15 months shows bm25, elasticsearch, faiss, retrieval with coverage of 10 retrieval/ranking signals, 1 evaluation signal, 1 production signal, semantic score 100%, JD coverage score 97%; skill proof is FAISS (expert, 90 months, 4 endorsements), Pinecone (expert, 53 months, 47 endorsements), Recommendation Systems (expert, 36 months, 60 endorsements), NLP (expert, 83 months, 2 endorsements); hireability and trust are Bangalore, Karnataka, India; notice 90 days; response rate 0.77; average response time 8h, profile completeness 55%, verified email, verified phone, open to work; risk check is notice period is 90 days."
CAND_0051292,67,0.864958,"Fit summary: Applied ML Engineer at Freshworks is a strong JD match with 5.2 years in the JD's 5-9 year seniority band; component evidence is technical 94%, career 94%, depth 96%, title 100%, seniority 100%, hybrid precompute 96%; JD evidence is current Applied ML Engineer at Freshworks for 16 months shows learning-to-rank, ranking, relevance labeling, search, Search Engineer at Vedantu for 28 months shows bm25, elasticsearch, faiss, retrieval with coverage of 11 retrieval/ranking signals, 2 evaluation signals, 1 production signal, semantic score 100%, JD coverage score 97%; skill proof is Elasticsearch (expert, 39 months, 26 endorsements), Vector Search (expert, 43 months, 36 endorsements), NLP (expert, 55 months, 41 endorsements), FAISS (advanced, 21 months, 50 endorsements); hireability and trust are Trivandrum, Kerala, India; notice 30 days; response rate 0.52; average response time 14h, profile completeness 51%, verified email, verified phone, LinkedIn connected, open to work; risk check is no major penalty signal surfaced."
CAND_0050876,68,0.864356,"Fit summary: Applied ML Engineer at Freshworks is a strong JD match with 6.0 years in the JD's 5-9 year seniority band; component evidence is technical 90%, career 96%, depth 96%, title 100%, seniority 100%, hybrid precompute 96%; JD evidence is AI Engineer at Yellow.ai for 24 months shows a/b, embedding, embeddings, ranking, current Applied ML Engineer at Freshworks for 38 months shows learning-to-rank, ranking, relevance labeling, search with coverage of 9 retrieval/ranking signals, 4 evaluation signals, 2 production signals, semantic score 100%, JD coverage score 97%; skill proof is OpenSearch (expert, 59 months, 3 endorsements), Python (expert, 66 months, 2 endorsements), FAISS (advanced, 31 months, 19 endorsements), Qdrant (advanced, 28 months, 54 endorsements); hireability and trust are Kolkata, West Bengal, India; notice 90 days; response rate 0.67; average response time 80h, profile completeness 82%, verified email, verified phone, LinkedIn connected, open to work; risk check is notice period is 90 days."
CAND_0098846,69,0.864143,"Fit summary: AI Engineer at upGrad is a strong JD match with 7.6 years in the JD's 5-9 year seniority band; component evidence is technical 78%, career 100%, depth 100%, title 100%, seniority 100%, hybrid precompute 96%; JD evidence is current AI Engineer at upGrad for 25 months shows learning-to-rank, ranking, relevance labeling, search, Search Engineer at Swiggy for 19 months shows embedding, embeddings, evaluation framework, pinecone with coverage of 9 retrieval/ranking signals, 3 evaluation signals, 2 production signals, semantic score 100%, JD coverage score 96%; skill proof is Qdrant (expert, 95 months, 51 endorsements), Recommendation Systems (expert, 76 months, 53 endorsements), Machine Learning (expert, 92 months, 9 endorsements), PEFT (expert, 47 months, 47 endorsements); hireability and trust are Indore, Madhya Pradesh, India; notice 45 days; response rate 0.62; average response time 12h, profile completeness 90%, verified email, verified phone, LinkedIn connected, open to work; risk check is no major penalty signal surfaced."
CAND_0053591,70,0.864132,"Fit summary: AI Engineer at Ola is a strong JD match with 5.3 years in the JD's 5-9 year seniority band; component evidence is technical 98%, career 96%, depth 96%, title 100%, seniority 100%, hybrid precompute 97%; JD evidence is current AI Engineer at Ola for 38 months shows a/b, ranking, shipped, AI Engineer at Swiggy for 25 months shows embedding, embeddings, evaluation framework, pinecone with coverage of 11 retrieval/ranking signals, 2 evaluation signals, 3 production signals, semantic score 100%, JD coverage score 98%; skill proof is OpenSearch (expert, 58 months, 28 endorsements), Qdrant (expert, 41 months, 20 endorsements), Milvus (advanced, 51 months, 15 endorsements), Embeddings (advanced, 21 months, 50 endorsements); hireability and trust are Toronto, Canada; notice 60 days; response rate 0.81; average response time 73h, profile completeness 72%, verified email, verified phone, open to work; risk check is no major penalty signal surfaced."
CAND_0040117,71,0.863758,"Fit summary: Recommendation Systems Engineer at PhonePe is a strong JD match with 6.5 years in the JD's 5-9 year seniority band; component evidence is technical 90%, career 96%, depth 96%, title 100%, seniority 100%, hybrid precompute 96%; JD evidence is current Recommendation Systems Engineer at PhonePe for 51 months shows a/b, embedding, embeddings, ranking, Applied ML Engineer at Salesforce for 26 months shows embedding, embeddings, evaluation framework, pinecone with coverage of 9 retrieval/ranking signals, 2 evaluation signals, 3 production signals, semantic score 100%, JD coverage score 97%; skill proof is Embeddings (expert, 63 months, 58 endorsements), FAISS (expert, 73 months, 25 endorsements), BM25 (expert, 37 months, 31 endorsements), RAG (expert, 95 months, 31 endorsements); hireability and trust are Vizag, Andhra Pradesh, India; notice 15 days; response rate 0.66; average response time 7h, profile completeness 83%, verified email, verified phone, open to work; risk check is no major penalty signal surfaced."
CAND_0070398,72,0.861214,"Fit summary: Machine Learning Engineer at Genpact AI is a strong JD match with 7.2 years in the JD's 5-9 year seniority band; component evidence is technical 100%, career 96%, depth 96%, title 100%, seniority 100%, hybrid precompute 96%; JD evidence is current Machine Learning Engineer at Genpact AI for 37 months shows bm25, elasticsearch, faiss, retrieval, Applied ML Engineer at Uber for 22 months shows bm25, elasticsearch, faiss, retrieval with coverage of 9 retrieval/ranking signals, 1 evaluation signal, 3 production signals, semantic score 100%, JD coverage score 97%; skill proof is Information Retrieval (expert, 65 months, 24 endorsements), FAISS (expert, 90 months, 29 endorsements), Embeddings (expert, 92 months, 10 endorsements), Python (expert, 40 months, 5 endorsements); hireability and trust are Kochi, Kerala, India; notice 120 days; response rate 0.60; average response time 68h, profile completeness 50%, verified email, verified phone, LinkedIn connected, open to work; risk check is notice period is high at 120 days."
CAND_0075439,73,0.860154,"Fit summary: Machine Learning Engineer at Flipkart is a strong JD match with 4.3 years in the JD's 5-9 year seniority band; component evidence is technical 100%, career 96%, depth 96%, title 100%, seniority 82%, hybrid precompute 96%; JD evidence is AI Engineer at Genpact AI for 25 months shows a/b, embedding, embeddings, ranking, current Machine Learning Engineer at Flipkart for 26 months shows embedding, embeddings, evaluation framework, pinecone with coverage of 9 retrieval/ranking signals, 2 evaluation signals, 3 production signals, semantic score 100%, JD coverage score 97%; skill proof is Information Retrieval (advanced, 30 months, 26 endorsements), Elasticsearch (expert, 88 months, 6 endorsements), Vector Search (expert, 48 months, 25 endorsements), Embeddings (advanced, 21 months, 36 endorsements); hireability and trust are Vizag, Andhra Pradesh, India; notice 30 days; response rate 0.56; average response time 30h, profile completeness 85%, verified email, verified phone, LinkedIn connected; risk check is no major penalty signal surfaced."
CAND_0084819,74,0.859868,"Fit summary: Search Engineer at Dream11 is a strong JD match with 4.5 years in the JD's 5-9 year seniority band; component evidence is technical 100%, career 94%, depth 96%, title 100%, seniority 82%, hybrid precompute 96%; JD evidence is current Search Engineer at Dream11 for 33 months shows embedding, embeddings, evaluation framework, pinecone, Senior Data Scientist at Razorpay for 20 months shows learning-to-rank, ranking, relevance labeling, search with coverage of 11 retrieval/ranking signals, 2 evaluation signals, 1 production signal, semantic score 100%, JD coverage score 97%; skill proof is Information Retrieval (expert, 80 months, 37 endorsements), OpenSearch (expert, 78 months, 53 endorsements), Recommendation Systems (expert, 40 months, 47 endorsements), Weaviate (expert, 57 months, 52 endorsements); hireability and trust are Indore, Madhya Pradesh, India; notice 120 days; response rate 0.74; average response time 53h, profile completeness 95%, verified email, verified phone, LinkedIn connected, open to work; risk check is notice period is high at 120 days."
CAND_0087630,75,0.859336,"Fit summary: AI Engineer at Vedantu is a strong JD match with 7.2 years in the JD's 5-9 year seniority band; component evidence is technical 93%, career 96%, depth 96%, title 100%, seniority 100%, hybrid precompute 96%; JD evidence is current AI Engineer at Vedantu for 15 months shows a/b, embedding, embeddings, ranking, Applied ML Engineer at Glance for 43 months shows a/b, embedding, embeddings, ranking with coverage of 8 retrieval/ranking signals, 1 evaluation signal, 4 production signals, semantic score 100%, JD coverage score 97%; skill proof is OpenSearch (expert, 36 months, 52 endorsements), Embeddings (advanced, 42 months, 4 endorsements), NLP (expert, 49 months, 17 endorsements), Elasticsearch (advanced, 40 months, 13 endorsements); hireability and trust are Gurgaon, Haryana, India; notice 30 days; response rate 0.45; average response time 7h, profile completeness 60%, verified email, LinkedIn connected; risk check is no major penalty signal surfaced."
CAND_0083307,76,0.858549,"Fit summary: Search Engineer at CRED is a strong JD match with 7.8 years in the JD's 5-9 year seniority band; component evidence is technical 100%, career 94%, depth 96%, title 100%, seniority 100%, hybrid precompute 96%; JD evidence is current Search Engineer at CRED for 20 months shows embedding, embeddings, evaluation framework, pinecone, Machine Learning Engineer at Ola for 14 months shows bm25, elasticsearch, faiss, retrieval with coverage of 12 retrieval/ranking signals, 3 evaluation signals, 3 production signals, semantic score 100%, JD coverage score 97%; skill proof is Embeddings (expert, 83 months, 5 endorsements), Pinecone (expert, 76 months, 14 endorsements), Weaviate (expert, 64 months, 58 endorsements), Python (expert, 88 months, 55 endorsements); hireability and trust are Vizag, Andhra Pradesh, India; notice 120 days; response rate 0.70; average response time 26h, profile completeness 53%, verified email, verified phone, LinkedIn connected, open to work; risk check is notice period is high at 120 days."
CAND_0054123,77,0.857986,"Fit summary: Applied ML Engineer at Meta is a strong JD match with 4.7 years in the JD's 5-9 year seniority band; component evidence is technical 93%, career 94%, depth 96%, title 100%, seniority 82%, hybrid precompute 96%; JD evidence is current Applied ML Engineer at Meta for 45 months shows a/b, embedding, embeddings, ranking, AI Engineer at CRED for 10 months shows bm25, elasticsearch, faiss, retrieval with coverage of 11 retrieval/ranking signals, 1 evaluation signal, 3 production signals, semantic score 100%, JD coverage score 96%; skill proof is Weaviate (expert, 39 months, 53 endorsements), Qdrant (expert, 75 months, 33 endorsements), Vector Search (advanced, 56 months, 58 endorsements), Semantic Search (advanced, 44 months, 19 endorsements); hireability and trust are Gurgaon, Haryana, India; notice 60 days; response rate 0.87; average response time 73h, profile completeness 51%, verified email, verified phone, LinkedIn connected; risk check is no major penalty signal surfaced."
CAND_0080766,78,0.857861,"Fit summary: Staff Machine Learning Engineer at Salesforce is a strong JD match with 8.8 years in the JD's 5-9 year seniority band; component evidence is technical 100%, career 96%, depth 96%, title 100%, seniority 100%, hybrid precompute 96%; JD evidence is Senior Machine Learning Engineer at Haptik for 12 months shows bm25, embedding, embedding drift, index refresh, current Staff Machine Learning Engineer at Salesforce for 38 months shows a/b, monitoring, shipped with coverage of 9 retrieval/ranking signals, 3 evaluation signals, 8 production signals, semantic score 100%, JD coverage score 98%; skill proof is Information Retrieval Systems (advanced, 28 months), Python (expert, 53 months, 42 endorsements), Search Backend (expert, 55 months, 23 endorsements), Search & Discovery (expert, 74 months, 25 endorsements); hireability and trust are Coimbatore, Tamil Nadu, India; notice 0 days; response rate 0.66; average response time 38h, profile completeness 92%, verified email, verified phone, LinkedIn connected; risk check is no major penalty signal surfaced."
CAND_0009691,79,0.857773,"Fit summary: Applied ML Engineer at LinkedIn is a strong JD match with 6.2 years in the JD's 5-9 year seniority band; component evidence is technical 91%, career 96%, depth 96%, title 100%, seniority 100%, hybrid precompute 96%; JD evidence is current Applied ML Engineer at LinkedIn for 28 months shows a/b, embedding, embeddings, ranking, NLP Engineer at Genpact AI for 30 months shows a/b, embedding, embeddings, ranking with coverage of 8 retrieval/ranking signals, 3 evaluation signals, 2 production signals, semantic score 100%, JD coverage score 97%; skill proof is Recommendation Systems (expert, 54 months, 6 endorsements), Qdrant (expert, 63 months, 30 endorsements), FAISS (advanced, 54 months, 17 endorsements), Pinecone (advanced, 50 months, 11 endorsements); hireability and trust are Indore, Madhya Pradesh, India; notice 120 days; response rate 0.64; average response time 72h, profile completeness 94%, verified email, verified phone, LinkedIn connected, open to work; risk check is notice period is high at 120 days."
CAND_0076831,80,0.857477,"Fit summary: Search Engineer at Krutrim is a strong JD match with 4.0 years in the JD's 5-9 year seniority band; component evidence is technical 87%, career 98%, depth 100%, title 100%, seniority 82%, hybrid precompute 96%; JD evidence is current Search Engineer at Krutrim for 27 months shows monitoring, production, search, Search Engineer at Zomato for 20 months shows a/b, ranking, search, shipped with coverage of 8 retrieval/ranking signals, 1 evaluation signal, 3 production signals, semantic score 100%, JD coverage score 96%; skill proof is Milvus (expert, 84 months, 60 endorsements), NLP (expert, 79 months, 37 endorsements), BM25 (advanced, 46 months, 39 endorsements), Weaviate (advanced, 19 months, 31 endorsements); hireability and trust are Delhi, Delhi, India; notice 90 days; response rate 0.50; average response time 40h, profile completeness 84%, verified email, verified phone, LinkedIn connected, open to work; risk check is notice period is 90 days."
CAND_0043228,81,0.857215,"Fit summary: Applied ML Engineer at Zoho is a strong JD match with 6.8 years in the JD's 5-9 year seniority band; component evidence is technical 88%, career 100%, depth 100%, title 100%, seniority 100%, hybrid precompute 96%; JD evidence is current Applied ML Engineer at Zoho for 25 months shows learning-to-rank, ranking, relevance labeling, search, Search Engineer at Yellow.ai for 11 months shows bm25, elasticsearch, faiss, retrieval with coverage of 10 retrieval/ranking signals, 1 evaluation signal, 2 production signals, semantic score 100%, JD coverage score 97%; skill proof is Weaviate (expert, 43 months), OpenSearch (expert, 51 months, 31 endorsements), NLP (expert, 66 months, 20 endorsements), Vector Search (advanced, 32 months, 44 endorsements); hireability and trust are Chennai, Tamil Nadu, India; notice 30 days; response rate 0.41; average response time 42h, profile completeness 88%, verified email, verified phone, LinkedIn connected; risk check is no major penalty signal surfaced."
CAND_0086151,82,0.856762,"Fit summary: Recommendation Systems Engineer at Wysa is a strong JD match with 7.7 years in the JD's 5-9 year seniority band; component evidence is technical 100%, career 96%, depth 96%, title 100%, seniority 100%, hybrid precompute 96%; JD evidence is Search Engineer at Glance for 28 months shows a/b, embedding, embeddings, ranking, current Recommendation Systems Engineer at Wysa for 26 months shows learning-to-rank, ranking, recommendation, relevance labeling with coverage of 12 retrieval/ranking signals, 2 evaluation signals, 2 production signals, semantic score 100%, JD coverage score 97%; skill proof is Embeddings (expert, 38 months, 22 endorsements), Qdrant (expert, 73 months, 46 endorsements), Elasticsearch (expert, 73 months, 46 endorsements), Recommendation Systems (advanced, 44 months, 20 endorsements); hireability and trust are Vizag, Andhra Pradesh, India; notice 120 days; response rate 0.52; average response time 62h, profile completeness 77%, verified email, verified phone, LinkedIn connected, open to work; risk check is notice period is high at 120 days."
CAND_0039838,83,0.856412,"Fit summary: Recommendation Systems Engineer at Amazon is a strong JD match with 4.9 years in the JD's 5-9 year seniority band; component evidence is technical 100%, career 98%, depth 100%, title 100%, seniority 82%, hybrid precompute 96%; JD evidence is current Recommendation Systems Engineer at Amazon for 49 months shows monitoring, production, recommendation, NLP Engineer at Microsoft for 9 months shows a/b, ranking, shipped with coverage of 8 retrieval/ranking signals, 3 evaluation signals, 3 production signals, semantic score 100%, JD coverage score 97%; skill proof is Milvus (expert, 76 months, 48 endorsements), Embeddings (advanced, 46 months, 6 endorsements), Vector Search (expert, 93 months, 46 endorsements), OpenSearch (advanced, 36 months, 56 endorsements); hireability and trust are Kochi, Kerala, India; notice 90 days; response rate 0.80; average response time 40h, profile completeness 52%, LinkedIn connected, open to work; risk check is notice period is 90 days."
CAND_0030348,84,0.856096,"Fit summary: Machine Learning Engineer at BYJU'S is a strong JD match with 4.5 years in the JD's 5-9 year seniority band; component evidence is technical 85%, career 96%, depth 96%, title 100%, seniority 82%, hybrid precompute 96%; JD evidence is current Machine Learning Engineer at BYJU'S for 28 months shows bm25, elasticsearch, faiss, retrieval, Senior Data Scientist at PolicyBazaar for 25 months shows a/b, embedding, embeddings, ranking with coverage of 9 retrieval/ranking signals, 3 evaluation signals, 2 production signals, semantic score 100%, JD coverage score 95%; skill proof is Python (expert, 94 months, 35 endorsements), Embeddings (advanced, 35 months, 20 endorsements), Elasticsearch (advanced, 37 months, 11 endorsements), Vector Search (advanced, 47 months, 45 endorsements); hireability and trust are Noida, Uttar Pradesh, India; notice 45 days; response rate 0.54; average response time 31h, profile completeness 87%, verified email, verified phone, LinkedIn connected, open to work; risk check is no major penalty signal surfaced."
CAND_0037944,85,0.855846,"Fit summary: Senior Data Scientist at Vedantu is a strong JD match with 4.9 years in the JD's 5-9 year seniority band; component evidence is technical 100%, career 94%, depth 96%, title 100%, seniority 82%, hybrid precompute 96%; JD evidence is current Senior Data Scientist at Vedantu for 37 months shows a/b, ranking, shipped, Applied ML Engineer at PolicyBazaar for 21 months shows embedding, embeddings, evaluation framework, pinecone with coverage of 9 retrieval/ranking signals, 2 evaluation signals, 3 production signals, semantic score 100%, JD coverage score 97%; skill proof is Embeddings (expert, 72 months, 48 endorsements), OpenSearch (expert, 84 months, 1 endorsements), Python (expert, 96 months, 48 endorsements), Vector Search (expert, 65 months, 3 endorsements); hireability and trust are Jaipur, Rajasthan, India; notice 30 days; response rate 0.42; average response time 34h, profile completeness 73%, verified email, verified phone, LinkedIn connected, open to work; risk check is no major penalty signal surfaced."
CAND_0005538,86,0.855586,"Fit summary: Senior AI Engineer at Adobe is a strong JD match with 5.9 years in the JD's 5-9 year seniority band; component evidence is technical 82%, career 94%, depth 96%, title 100%, seniority 100%, hybrid precompute 96%; JD evidence is Lead AI Engineer at Glance for 10 months shows a/b, embedding, embeddings, production, current Senior AI Engineer at Adobe for 15 months shows index refresh, latency, ranking, scale with coverage of 7 retrieval/ranking signals, 1 evaluation signal, 6 production signals, semantic score 100%, JD coverage score 96%; skill proof is Information Retrieval Systems (advanced, 55 months, 56 endorsements), Python (advanced, 38 months, 16 endorsements), Content Matching (advanced, 44 months, 17 endorsements), Feature Engineering (advanced, 50 months, 7 endorsements); hireability and trust are Kolkata, West Bengal, India; notice 90 days; response rate 0.81; average response time 28h, profile completeness 88%, verified email, verified phone, LinkedIn connected, open to work; risk check is notice period is 90 days."
CAND_0017960,87,0.855500,"Fit summary: Recommendation Systems Engineer at Nykaa is a strong JD match with 7.7 years in the JD's 5-9 year seniority band; component evidence is technical 85%, career 94%, depth 96%, title 100%, seniority 100%, hybrid precompute 96%; JD evidence is current Recommendation Systems Engineer at Nykaa for 54 months shows a/b, ranking, recommendation, shipped, Search Engineer at Sarvam AI for 16 months shows embedding, embeddings, evaluation framework, pinecone with coverage of 9 retrieval/ranking signals, 2 evaluation signals, 3 production signals, semantic score 100%, JD coverage score 96%; skill proof is Information Retrieval (expert, 67 months, 12 endorsements), Qdrant (expert, 45 months, 7 endorsements), Python (advanced, 27 months, 51 endorsements), Machine Learning (advanced, 28 months, 6 endorsements); hireability and trust are Bangalore, Karnataka, India; notice 60 days; response rate 0.72; average response time 35h, profile completeness 71%, verified email, verified phone, open to work; risk check is no major penalty signal surfaced."
CAND_0092245,88,0.855082,"Fit summary: Senior Data Scientist at Ola is a strong JD match with 4.1 years in the JD's 5-9 year seniority band; component evidence is technical 100%, career 94%, depth 96%, title 100%, seniority 82%, hybrid precompute 96%; JD evidence is current Senior Data Scientist at Ola for 49 months shows a/b, ranking, shipped with coverage of 9 retrieval/ranking signals, 1 evaluation signal, 2 production signals, semantic score 100%, JD coverage score 97%; skill proof is Qdrant (expert, 56 months, 26 endorsements), Elasticsearch (expert, 95 months, 12 endorsements), Embeddings (advanced, 55 months, 43 endorsements), FAISS (advanced, 41 months, 38 endorsements); hireability and trust are Coimbatore, Tamil Nadu, India; notice 60 days; response rate 0.50; average response time 31h, profile completeness 92%, verified email, verified phone, LinkedIn connected, open to work; risk check is no major penalty signal surfaced."
CAND_0072688,89,0.854610,"Fit summary: Data Scientist at Niramai is a strong JD match with 6.9 years in the JD's 5-9 year seniority band; component evidence is technical 85%, career 82%, depth 78%, title 100%, seniority 100%, hybrid precompute 94%; JD evidence is current Data Scientist at Niramai for 30 months shows not explicit, Data Scientist at PolicyBazaar for 52 months shows not explicit with coverage of 6 retrieval/ranking signals, 0 evaluation signals, 1 production signal, semantic score 100%, JD coverage score 90%; skill proof is Recommendation Systems (advanced, 52 months, 21 endorsements), Qdrant (advanced, 41 months, 12 endorsements), Semantic Search (intermediate, 34 months, 13 endorsements), NLP (intermediate, 33 months, 8 endorsements); hireability and trust are Pune, Maharashtra, India; notice 45 days; response rate 0.87; average response time 2h, profile completeness 96%, verified email, verified phone, LinkedIn connected, open to work; risk check is ranking/evaluation evidence is not explicit."
CAND_0015528,90,0.854510,"Fit summary: Applied ML Engineer at Krutrim is a strong JD match with 7.4 years in the JD's 5-9 year seniority band; component evidence is technical 94%, career 98%, depth 100%, title 100%, seniority 100%, hybrid precompute 96%; JD evidence is current Applied ML Engineer at Krutrim for 52 months shows a/b, embedding, embeddings, ranking, Senior Data Scientist at Rephrase.ai for 15 months shows a/b, embedding, embeddings, ranking with coverage of 9 retrieval/ranking signals, 1 evaluation signal, 3 production signals, semantic score 100%, JD coverage score 98%; skill proof is Information Retrieval (expert, 41 months, 58 endorsements), FAISS (expert, 66 months, 23 endorsements), Weaviate (expert, 37 months, 27 endorsements), OpenSearch (expert, 62 months, 24 endorsements); hireability and trust are Coimbatore, Tamil Nadu, India; notice 30 days; response rate 0.53; average response time 61h, profile completeness 72%, verified email, verified phone, LinkedIn connected; risk check is no major penalty signal surfaced."
CAND_0048558,91,0.854163,"Fit summary: Data Scientist at Rephrase.ai is a strong JD match with 6.7 years in the JD's 5-9 year seniority band; component evidence is technical 83%, career 82%, depth 78%, title 100%, seniority 100%, hybrid precompute 94%; JD evidence is current Data Scientist at Rephrase.ai for 36 months shows observability, production, ML Engineer at Paytm for 27 months shows production, ranking, recommendation with coverage of 7 retrieval/ranking signals, 0 evaluation signals, 2 production signals, semantic score 100%, JD coverage score 90%; skill proof is OpenSearch (advanced, 41 months, 59 endorsements), Qdrant (advanced, 42 months, 22 endorsements), Information Retrieval (intermediate, 19 months, 5 endorsements), Elasticsearch (intermediate, 18 months, 15 endorsements); hireability and trust are Noida, Uttar Pradesh, India; notice 30 days; response rate 0.80; average response time 11h, profile completeness 90%, verified email, verified phone, LinkedIn connected, open to work; risk check is ranking/evaluation evidence is not explicit."
CAND_0042100,92,0.852683,"Fit summary: Machine Learning Engineer at Freshworks is a strong JD match with 7.3 years in the JD's 5-9 year seniority band; component evidence is technical 90%, career 96%, depth 96%, title 100%, seniority 100%, hybrid precompute 96%; JD evidence is current Machine Learning Engineer at Freshworks for 52 months shows learning-to-rank, ranking, relevance labeling, search, Senior Data Scientist at Netflix for 34 months shows a/b, ranking, shipped with coverage of 6 retrieval/ranking signals, 2 evaluation signals, 3 production signals, semantic score 100%, JD coverage score 97%; skill proof is Elasticsearch (expert, 65 months, 26 endorsements), Recommendation Systems (expert, 85 months, 24 endorsements), Pinecone (expert, 69 months, 20 endorsements), Semantic Search (advanced, 48 months, 43 endorsements); hireability and trust are Singapore, Singapore; notice 90 days; response rate 0.87; average response time 16h, profile completeness 97%, verified email, verified phone, LinkedIn connected, open to work; risk check is notice period is 90 days."
CAND_0026532,93,0.852025,"Fit summary: Recommendation Systems Engineer at Zomato is a strong JD match with 4.8 years in the JD's 5-9 year seniority band; component evidence is technical 100%, career 94%, depth 96%, title 100%, seniority 82%, hybrid precompute 96%; JD evidence is current Recommendation Systems Engineer at Zomato for 34 months shows bm25, elasticsearch, faiss, recommendation, Recommendation Systems Engineer at Mad Street Den for 22 months shows a/b, embedding, embeddings, ranking with coverage of 11 retrieval/ranking signals, 1 evaluation signal, 3 production signals, semantic score 100%, JD coverage score 97%; skill proof is Information Retrieval (advanced, 59 months, 37 endorsements), Embeddings (expert, 44 months, 32 endorsements), Milvus (expert, 60 months, 21 endorsements), FAISS (advanced, 45 months, 7 endorsements); hireability and trust are Chennai, Tamil Nadu, India; notice 90 days; response rate 0.52; average response time 47h, profile completeness 65%, verified email, verified phone, LinkedIn connected, open to work; risk check is notice period is 90 days."
CAND_0083879,94,0.851836,"Fit summary: Machine Learning Engineer at Ola is a strong JD match with 7.1 years in the JD's 5-9 year seniority band; component evidence is technical 68%, career 98%, depth 100%, title 100%, seniority 100%, hybrid precompute 95%; JD evidence is Search Engineer at PhonePe for 46 months shows a/b, ranking, search, shipped, current Machine Learning Engineer at Ola for 19 months shows monitoring, production with coverage of 6 retrieval/ranking signals, 1 evaluation signal, 3 production signals, semantic score 100%, JD coverage score 95%; skill proof is Milvus (advanced, 47 months, 32 endorsements), Machine Learning (expert, 47 months, 6 endorsements), Fine-tuning LLMs (expert, 90 months, 41 endorsements); hireability and trust are Noida, Uttar Pradesh, India; notice 30 days; response rate 0.47; average response time 24h, profile completeness 60%, verified email, verified phone, LinkedIn connected, open to work; risk check is no major penalty signal surfaced."
CAND_0040887,95,0.850734,"Fit summary: Machine Learning Engineer at Netflix is a strong JD match with 4.7 years in the JD's 5-9 year seniority band; component evidence is technical 90%, career 94%, depth 96%, title 100%, seniority 82%, hybrid precompute 96%; JD evidence is current Machine Learning Engineer at Netflix for 46 months shows bm25, elasticsearch, faiss, retrieval, AI Engineer at Unacademy for 9 months shows embedding, embeddings, evaluation framework, pinecone with coverage of 11 retrieval/ranking signals, 1 evaluation signal, 1 production signal, semantic score 100%, JD coverage score 96%; skill proof is Python (expert, 84 months, 40 endorsements), Milvus (expert, 81 months, 1 endorsements), Recommendation Systems (expert, 71 months, 47 endorsements), FAISS (advanced, 52 months, 17 endorsements); hireability and trust are Toronto, Canada; notice 15 days; response rate 0.84; average response time 61h, profile completeness 93%, verified email, verified phone, LinkedIn connected, open to work; risk check is no major penalty signal surfaced."
CAND_0081686,96,0.850286,"Fit summary: Search Engineer at Netflix is a strong JD match with 6.0 years in the JD's 5-9 year seniority band; component evidence is technical 100%, career 96%, depth 96%, title 100%, seniority 100%, hybrid precompute 96%; JD evidence is Recommendation Systems Engineer at Niramai for 30 months shows bm25, elasticsearch, faiss, recommendation, AI Engineer at Zoho for 13 months shows a/b, embedding, embeddings, ranking with coverage of 11 retrieval/ranking signals, 2 evaluation signals, 2 production signals, semantic score 100%, JD coverage score 98%; skill proof is Embeddings (expert, 59 months, 30 endorsements), FAISS (expert, 49 months, 26 endorsements), Milvus (expert, 93 months, 55 endorsements), Python (expert, 78 months, 59 endorsements); hireability and trust are Austin, USA; notice 60 days; response rate 0.91; average response time 69h, profile completeness 57%, verified email, verified phone, LinkedIn connected; risk check is no major penalty signal surfaced."
CAND_0075249,97,0.850096,"Fit summary: Applied ML Engineer at Zomato is a strong JD match with 6.2 years in the JD's 5-9 year seniority band; component evidence is technical 85%, career 96%, depth 96%, title 100%, seniority 100%, hybrid precompute 96%; JD evidence is current Applied ML Engineer at Zomato for 36 months shows a/b, embedding, embeddings, ranking, Search Engineer at upGrad for 38 months shows bm25, elasticsearch, faiss, retrieval with coverage of 11 retrieval/ranking signals, 1 evaluation signal, 2 production signals, semantic score 100%, JD coverage score 96%; skill proof is Milvus (expert, 77 months, 17 endorsements), Pinecone (expert, 80 months, 45 endorsements), BM25 (expert, 40 months, 14 endorsements), Machine Learning (expert, 68 months, 46 endorsements); hireability and trust are Ahmedabad, Gujarat, India; notice 45 days; response rate 0.82; average response time 24h, profile completeness 70%, verified phone, LinkedIn connected, open to work; risk check is no major penalty signal surfaced."
CAND_0031593,98,0.849367,"Fit summary: Search Engineer at Genpact AI is a strong JD match with 7.8 years in the JD's 5-9 year seniority band; component evidence is technical 86%, career 96%, depth 96%, title 100%, seniority 100%, hybrid precompute 96%; JD evidence is Search Engineer at Aganitha for 33 months shows a/b, embedding, embeddings, ranking, current Search Engineer at Genpact AI for 38 months shows learning-to-rank, ranking, relevance labeling, search with coverage of 10 retrieval/ranking signals, 3 evaluation signals, 2 production signals, semantic score 100%, JD coverage score 96%; skill proof is Embeddings (expert, 94 months, 41 endorsements), Elasticsearch (expert, 58 months, 57 endorsements), BM25 (expert, 63 months, 46 endorsements), Recommendation Systems (advanced, 18 months, 42 endorsements); hireability and trust are Kolkata, West Bengal, India; notice 90 days; response rate 0.58; average response time 7h, profile completeness 50%, verified email, verified phone, LinkedIn connected, open to work; risk check is notice period is 90 days."
CAND_0070202,99,0.849081,"Fit summary: Machine Learning Engineer at BYJU'S is a strong JD match with 5.1 years in the JD's 5-9 year seniority band; component evidence is technical 100%, career 94%, depth 96%, title 100%, seniority 100%, hybrid precompute 96%; JD evidence is Search Engineer at Dream11 for 12 months shows a/b, embedding, embeddings, ranking, current Machine Learning Engineer at BYJU'S for 49 months shows learning-to-rank, ranking, relevance labeling, search with coverage of 9 retrieval/ranking signals, 2 evaluation signals, 2 production signals, semantic score 100%, JD coverage score 97%; skill proof is Embeddings (expert, 67 months, 19 endorsements), Qdrant (expert, 54 months, 13 endorsements), BM25 (expert, 42 months, 55 endorsements), NLP (expert, 67 months, 12 endorsements); hireability and trust are Jaipur, Rajasthan, India; notice 90 days; response rate 0.60; average response time 12h, profile completeness 72%, verified email, LinkedIn connected; risk check is notice period is 90 days."
CAND_0065195,100,0.847491,"Fit summary: Search Engineer at CRED is a strong JD match with 5.1 years in the JD's 5-9 year seniority band; component evidence is technical 72%, career 98%, depth 100%, title 100%, seniority 100%, hybrid precompute 96%; JD evidence is current Search Engineer at CRED for 48 months shows embedding, embeddings, evaluation framework, pinecone, Senior Data Scientist at Google for 13 months shows monitoring, production with coverage of 9 retrieval/ranking signals, 3 evaluation signals, 2 production signals, semantic score 100%, JD coverage score 95%; skill proof is Elasticsearch (expert, 89 months, 31 endorsements), Qdrant (expert, 94 months, 13 endorsements), QLoRA (expert, 93 months, 24 endorsements); hireability and trust are Kolkata, West Bengal, India; notice 45 days; response rate 0.80; average response time 23h, profile completeness 56%, verified email, verified phone, LinkedIn connected, open to work; risk check is no major penalty signal surfaced."
